ATE_10,ATE_20,ATE_21,ATE_SE_10,ATE_SE_20,ATE_SE_21,ATE_t_10,ATE_t_20,ATE_t_21,ATE_p_10,ATE_p_20,ATE_p_21
2406.4937317775957,-27550.602386234306,-29957.0961180119,1140.866862504352,1775.6499367811546,2004.068386299516,2.109355447922317,15.51578484899857,14.948140653686602,0.03491415988868672,2.7528896232139397e-54,1.621882123723468e-50
