ATE_10,ATE_20,ATE_21,ATE_SE_10,ATE_SE_20,ATE_SE_21,ATE_t_10,ATE_t_20,ATE_t_21,ATE_p_10,ATE_p_20,ATE_p_21
-31571.742747773045,-44583.81245824255,-13012.069710469501,1086.8957202232903,898.4803857551827,1037.8908743554293,29.047628176589924,49.62135308136901,12.537030657052942,1.9704996141182452e-185,0.0,4.7114993834175535e-36
