upper,effects,lower,ate,z_values
3862.2109901947215,2626.922138778239,1391.6332873617569,0.0,0.0
-383.26585203622807,-723.5480211763575,-1063.8301903164868,0.0,1.0
