upper,effects,lower,ate,z_values
2.676204002907422,1.5331259076564117,0.3900478124054012,0.0,1.0
-0.2625910482805992,-1.0322595428760653,-1.8019280374715314,0.0,2.0
