upper,effects,lower,ate,z_values
2163.5584386616374,-1609.08706130465,-5381.732561270937,0.0,1.0
3622.7603012796676,1083.404408186375,-1455.9514849069178,0.0,2.0
