upper,effects,lower,ate,z_values
2355.680873809586,1725.5024878028428,1095.3241017960997,0.0,0.0
-301.63128152325066,-475.26491690467515,-648.8985522860996,0.0,1.0
