upper,effects,lower,ate,ate_upper,ate_lower,z_values
-28644.851027230714,-32261.38673627266,-35877.92244531461,-31571.742747773045,-29441.466281184672,-33702.01921436142,1.0
-28506.993554119603,-31107.402838503294,-33707.812122886986,-31571.742747773045,-29441.466281184672,-33702.01921436142,2.0
