upper,effects,lower,ate,z_values
1726.5235863689786,473.90937734949455,-778.7048316699894,0.0,0.0
214.48993603580107,-130.53156911975935,-475.5530742753198,0.0,1.0
