upper,effects,lower,ate,z_values
0.19245298407206934,-0.2009612057414774,-0.5943753955550242,0.0,0.0
0.16371084155615107,0.05535188520466337,-0.05300707114682432,0.0,1.0
