upper,effects,lower,ate,z_values
1649.6574011770704,599.9678843868423,-449.7216324033857,0.0,0.0
123.86933537338109,-165.2525735756397,-454.3744825246605,0.0,1.0
