upper,effects,lower,ate,z_values
1363.4863926792177,456.8816960989237,-449.72300048137026,0.0,0.0
123.86971756273243,-125.84152956582858,-375.5527766943896,0.0,1.0
