upper,effects,lower,ate,z_values
1334.041393226079,-1981.6116572700298,-5297.264707766139,0.0,1.0
3565.4065503866514,1334.2266477914843,-896.9532548036825,0.0,2.0
