upper,effects,lower,ate,z_values
659.1302815858137,-1262.9845198776122,-3185.0993213410384,0.0,1.0
2143.5569177336356,850.3722709662873,-442.8123758010613,0.0,2.0
