upper,effects,lower,ate,z_values
8393.766145320758,4430.80497554002,467.8438057592821,0.0,1.0
-315.0011324127008,-2983.2780555411164,-5651.554978669532,0.0,2.0
