upper,effects,lower,ate,z_values
3140.4007053624273,1898.8002530508738,657.1998007393202,0.0,0.0
-180.99369969754127,-522.9972874876578,-865.0008752777743,0.0,1.0
