upper,effects,lower,ate,z_values
0.6292856375030016,0.22518078925830487,-0.17892405898639185,0.0,0.0
0.049282062117733075,-0.062022816965476374,-0.1733276960486858,0.0,1.0
