upper,effects,lower,ate,z_values
2569.921417176201,1680.9209096551426,791.9204021340842,0.0,0.0
-218.08585008678952,-462.9855645340799,-707.8852789813703,0.0,1.0
