upper,effects,lower,ate,ate_upper,ate_lower,z_values
1401.844730831509,540.7718486985068,-320.3010334344955,891.9405432242074,1662.759987740533,121.12109870788186,1.0
1515.590876649192,771.9789013728096,28.36692609642705,891.9405432242074,1662.759987740533,121.12109870788186,2.0
1882.8690324180411,1001.3856842591376,119.90233610023427,891.9405432242074,1662.759987740533,121.12109870788186,3.0
2351.3911235237383,1113.968659294398,-123.45380493494213,891.9405432242074,1662.759987740533,121.12109870788186,4.0
