upper,effects,lower,ate,z_values
1625.4529553983189,909.3783451241613,193.30373485000393,0.0,0.0
-53.25038068053436,-250.4752105009186,-447.7000403213028,0.0,1.0
