upper,effects,lower,ate,z_values
1749.5174898812995,1224.039213556219,698.5609372311385,0.0,0.0
-192.34550375107602,-337.1440349682513,-481.94256618542653,0.0,1.0
