upper,effects,lower,ate,z_values
-0.12661965307064327,-0.4261419949997823,-0.7256643369289213,0.0,0.0
0.19987208302354748,0.11737470217013975,0.03487732131673202,0.0,1.0
