upper,effects,lower,ate,ate_upper,ate_lower,z_values
1863.0452670960722,843.8304229745063,-175.38442114705947,891.9405432242074,1662.759987740533,121.12109870788186,0.0
1694.0466585317345,905.1917885120256,116.33691849231684,891.9405432242074,1662.759987740533,121.12109870788186,1.0
