upper,effects,lower,ate,z_values
1956.372701441301,-1803.1840925720628,-5562.740886585427,0.0,1.0
3745.02846976181,1214.0907283833835,-1316.8470129950429,0.0,2.0
