upper,effects,lower,ate,z_values
1514.236676005878,-319.9726204915426,-2154.181916988963,0.0,1.0
1450.4189358864649,215.43879746977473,-1019.5413409469154,0.0,2.0
