upper,effects,lower,ate,z_values
4091.4841245047537,2870.749042667581,1650.0139608304082,0.0,0.0
-454.4242064593848,-790.7066572738022,-1126.9891080882196,0.0,1.0
