upper,effects,lower,ate,z_values
4.390660098867127,3.489036402039126,2.587412705211125,0.0,1.0
-1.7420773160250191,-2.349181576131844,-2.9562858362386693,0.0,2.0
