upper,effects,lower,ate,ate_upper,ate_lower,z_values
10.164505529282525,9.096039992302993,8.02757445532346,8.88038103970225,9.89272816383812,7.86803391556638,1.0
9.899066009081658,8.900196561794063,7.901327114506469,8.88038103970225,9.89272816383812,7.86803391556638,2.0
9.833068970581504,8.776283560705174,7.719498150828843,8.88038103970225,9.89272816383812,7.86803391556638,3.0
9.961865106947835,8.80953297520563,7.657200843463426,8.88038103970225,9.89272816383812,7.86803391556638,4.0
