upper,effects,lower,ate,z_values
7465.912904987554,3668.52384844796,-128.86520809163403,0.0,1.0
86.76537623799595,-2470.0312096448592,-5026.827795527714,0.0,2.0
