upper,effects,lower,ate,ate_upper,ate_lower,z_values
0.46590363060819445,0.1317880207344828,-0.20232758913922883,0.14976878664306703,0.48500643446476116,-0.1854688611786271,0.0
0.5318665981642929,0.19343986112412465,-0.14498687591604364,0.14976878664306703,0.48500643446476116,-0.1854688611786271,1.0
0.49075855055592676,0.15474798859290667,-0.18126257337011342,0.14976878664306703,0.48500643446476116,-0.1854688611786271,2.0
0.5545245997700086,0.21121261332933167,-0.13209937311134523,0.14976878664306703,0.48500643446476116,-0.1854688611786271,3.0
0.5405014852946309,0.19578740311958853,-0.14892667905545387,0.14976878664306703,0.48500643446476116,-0.1854688611786271,4.0
