upper,effects,lower,ate,z_values
0.08511199445373398,-0.012411397936129272,-0.10993479032599253,0.0,0.0
0.030269792090174906,0.003418540651124862,-0.02343271078792518,0.0,1.0
