upper,effects,lower,ate,ate_upper,ate_lower,z_values
1980.1305573008517,-719.8112973271545,-3419.753151955161,2406.493731777594,4642.551693441334,170.43577011385423,1.0
3129.8880253204006,841.4768788968886,-1446.9342675266234,2406.493731777594,4642.551693441334,170.43577011385423,2.0
5516.60502069064,3343.3681177056224,1170.1312147206045,2406.493731777594,4642.551693441334,170.43577011385423,3.0
6962.593346001346,4679.853678308782,2397.114010616219,2406.493731777594,4642.551693441334,170.43577011385423,4.0
