upper,effects,lower,ate,z_values
8837.960172239615,4714.496815076062,591.0334579125092,0.0,1.0
-397.94518646025654,-3174.288846671584,-5950.632506882912,0.0,2.0
