upper,effects,lower,ate,z_values
2098.547321297302,-1700.3946745447458,-5499.336670386794,0.0,1.0
3702.115628303968,1144.8821967513106,-1412.3512348013467,0.0,2.0
