upper,effects,lower,ate,z_values
1614.9315318754084,917.0406623331135,219.14979279081854,0.0,0.0
-60.349272523814875,-252.58570268240842,-444.822132841002,0.0,1.0
