upper,effects,lower,ate,z_values
-3553.3551126483853,-5201.785019467564,-6850.214926286742,0.0,1.0
4611.240181925536,3502.381785055566,2393.523388185597,0.0,2.0
