upper,effects,lower,ate,ate_upper,ate_lower,z_values
-27142.858632258143,-30155.27100080641,-33167.68336935467,-27914.231731401036,-25946.026365519847,-29882.437097282225,1.0
-23456.94111943367,-26405.331451564674,-29353.721783695677,-27914.231731401036,-25946.026365519847,-29882.437097282225,2.0
