upper,effects,lower,ate,z_values
519.5646416580405,-548.0178834214701,-1615.6004085009806,0.0,0.0
444.98877110702296,150.94362753728103,-143.1015160324609,0.0,1.0
