upper,effects,lower,ate,z_values
1876.5523293863287,-1291.9676687704211,-4460.487666927171,0.0,1.0
3003.2633794641424,869.8867385217288,-1263.489902420685,0.0,2.0
