upper,effects,lower,ate,z_values
956.8905933035097,-443.1312849836189,-1843.1531632707474,0.0,0.0
507.6700609214813,122.05413356264907,-263.5617937961831,0.0,1.0
