upper,effects,lower,ate,z_values
1737.169598401007,945.3565662632702,153.54353412553326,0.0,0.0
-42.229581532869446,-260.3848872595778,-478.5401929862861,0.0,1.0
