upper,effects,lower,ate,z_values
558.8920180968361,-48.1101202497002,-655.1122585962365,0.0,0.0
180.44127247548113,13.251245287817888,-153.93878189984537,0.0,1.0
