upper,effects,lower,ate,z_values
-198.88591171886492,-1457.3962285456314,-2715.906545372398,0.0,0.0
748.0574388853515,401.4188380381996,54.78023719104766,0.0,1.0
