upper,effects,lower,ate,z_values
1964.5825311704396,-689.6439884996087,-3343.870508169657,0.0,1.0
2249.864061264482,464.3399092697555,-1321.1842427249715,0.0,2.0
