upper,effects,lower,ate,ate_upper,ate_lower,z_values
1668.0254174054007,896.321816960537,124.61821651567345,891.9405432242074,1662.759987740533,121.12109870788186,0.0
1713.672127839768,858.3532250900935,3.034322340418953,891.9405432242074,1662.759987740533,121.12109870788186,1.0
1826.8840872616147,945.8237214133514,64.76335556508809,891.9405432242074,1662.759987740533,121.12109870788186,2.0
1805.2794746722643,914.4993206607069,23.71916664914943,891.9405432242074,1662.759987740533,121.12109870788186,3.0
1790.0453930023345,868.3080346395545,-53.42932372322548,891.9405432242074,1662.759987740533,121.12109870788186,4.0
