upper,effects,lower,ate,z_values
2390.433463084701,1773.612608052543,1156.791753020385,0.0,0.0
-318.5603617001581,-488.516162192493,-658.471962684828,0.0,1.0
