upper,effects,lower,ate,ate_upper,ate_lower,z_values
1668.025417405399,896.3218169605352,124.61821651567163,891.9405432242056,1662.759987740531,121.12109870788015,0.0
1713.672127839768,858.3532250900935,3.034322340418953,891.9405432242056,1662.759987740531,121.12109870788015,1.0
1826.8840872616147,945.8237214133514,64.76335556508809,891.9405432242056,1662.759987740531,121.12109870788015,2.0
1805.2794746722643,914.4993206607069,23.71916664914943,891.9405432242056,1662.759987740531,121.12109870788015,3.0
1790.0453930023345,868.3080346395545,-53.429323723225366,891.9405432242056,1662.759987740531,121.12109870788015,4.0
