upper,effects,lower,ate,z_values
-2218.1027354178213,-3311.6027834298466,-4405.102831441872,0.0,1.0
-989.9242040636093,-1485.482102555118,-1981.0400010466267,0.0,2.0
1274.0730349717942,911.211850004653,548.3506650375117,0.0,3.0
3120.743722591185,2400.933353388923,1681.1229841866611,0.0,4.0
