upper,effects,lower,ate,z_values
40.13216413151307,-56.745728129435015,-153.6236203903831,0.0,0.0
709.28131845354,392.053377453348,74.82543645315599,0.0,1.0
229.1158561263717,-209.3106172073449,-647.7370905410615,0.0,2.0
215.25136592618026,-314.3560274539158,-843.9634208340118,0.0,3.0
547.2437857539772,130.02651238806752,-287.1907609778423,0.0,4.0
