upper,effects,lower,ate,z_values
1334.0413932260785,-1981.6116572700303,-5297.264707766139,0.0,1.0
3565.4065503866514,1334.2266477914845,-896.9532548036823,0.0,2.0
