upper,effects,lower,ate,z_values
2.6965986754465474,1.530109908796034,0.3636211421455202,0.0,1.0
-0.24482751494150845,-1.0302288658911698,-1.8156302168408311,0.0,2.0
