upper,effects,lower,ate,ate_upper,ate_lower,z_values
2510.003460883304,538.4784764312972,-1433.0465080207093,891.9405432242056,1662.759987740531,121.12109870788015,8.0
2105.65047736837,645.1164271666967,-815.4176230349765,891.9405432242056,1662.759987740531,121.12109870788015,9.0
1684.7463579139055,772.609940384611,-139.52647714468344,891.9405432242056,1662.759987740531,121.12109870788015,10.0
3231.4110107738416,1524.4407109398708,-182.52958889410024,891.9405432242056,1662.759987740531,121.12109870788015,12.0
