upper,effects,lower,ate,z_values
2098.5473212973025,-1700.3946745447456,-5499.336670386794,0.0,1.0
3702.1156283039677,1144.8821967513104,-1412.351234801347,0.0,2.0
