upper,effects,lower,ate,z_values
-198.8859117188647,-1457.3962285456312,-2715.906545372398,0.0,0.0
748.0574388853515,401.4188380381996,54.78023719104766,0.0,1.0
