upper,effects,lower,ate,z_values
4091.484124504753,2870.7490426675804,1650.0139608304078,0.0,0.0
-454.4242064593849,-790.7066572738023,-1126.9891080882198,0.0,1.0
