upper,effects,lower,ate,z_values
425.87265877864183,-2241.0392694053635,-4907.951197589369,0.0,1.0
3303.902261329151,1508.9002798363715,-286.10170165640784,0.0,2.0
