upper,effects,lower,ate,z_values
1956.3727014413016,-1803.1840925720621,-5562.740886585426,0.0,1.0
3745.0284697618104,1214.090728383384,-1316.8470129950424,0.0,2.0
