upper,effects,lower,ate,z_values
-24.761928636574254,-152.1467848807796,-279.53164112498496,0.0,0.0
992.3381449101768,547.5849976126036,102.83185031503047,0.0,1.0
649.9065917851306,-11.23574403155402,-672.3780798482385,0.0,2.0
895.7277171861897,223.51155570078782,-448.7046057846141,0.0,3.0
861.6272592946074,245.0925106690963,-371.4422379564147,0.0,4.0
