upper,effects,lower,ate,z_values
2163.5584386616356,-1609.0870613046516,-5381.732561270939,0.0,1.0
3622.7603012796685,1083.4044081863758,-1455.951484906917,0.0,2.0
