upper,effects,lower,ate,z_values
-24.761928636574254,-152.1467848807796,-279.53164112498496,0.0,0.0
992.3381449101769,547.5849976126037,102.83185031503058,0.0,1.0
649.9065917851307,-11.235744031553992,-672.3780798482386,0.0,2.0
895.7277171861898,223.5115557007879,-448.70460578461405,0.0,3.0
861.6272592946073,245.09251066909616,-371.4422379564149,0.0,4.0
