upper,effects,lower,ate,z_values
2098.547321297301,-1700.394674544747,-5499.336670386795,0.0,1.0
3702.115628303968,1144.8821967513109,-1412.3512348013464,0.0,2.0
