upper,effects,lower,ate,z_values
1964.582531170439,-689.6439884996091,-3343.870508169657,0.0,1.0
2249.864061264483,464.33990926975605,-1321.1842427249708,0.0,2.0
