upper,effects,lower,ate,ate_upper,ate_lower,z_values
11506.72285608908,6494.7795850846105,1482.8363140801403,2922.4044514560724,6700.82366864755,-856.014765735405,8.0
10623.540520850387,6188.421747176821,1753.3029735032542,2922.4044514560724,6700.82366864755,-856.014765735405,9.0
6687.284946423416,2838.5669402817193,-1010.1510658599773,2922.4044514560724,6700.82366864755,-856.014765735405,10.0
3016.354922983918,-1646.2647265337519,-6308.884376051422,2922.4044514560724,6700.82366864755,-856.014765735405,12.0
