upper,effects,lower,ate,ate_upper,ate_lower,z_values
-1306.0817169962606,-3789.417752565,-6272.753788133739,-813.1874490744776,1509.526910136276,-3135.9018082852313,8.0
-945.3431363369077,-3350.7260981677555,-5756.109059998604,-813.1874490744776,1509.526910136276,-3135.9018082852313,9.0
939.0248167061118,-1392.6649668359714,-3724.3547503780546,-813.1874490744776,1509.526910136276,-3135.9018082852313,10.0
8073.781300834095,4113.2953558907575,152.80941094741956,-813.1874490744776,1509.526910136276,-3135.9018082852313,12.0
