upper,effects,lower,ate,ate_upper,ate_lower,z_values
7978.298570917677,5721.872455630728,3465.446340343779,5662.065802776255,7892.50123554743,3431.6303700050794,0.0
7825.159864246147,5578.3812399316,3331.6026156170533,5662.065802776255,7892.50123554743,3431.6303700050794,1.0
8004.548462631217,5709.363590225632,3414.178717820046,5662.065802776255,7892.50123554743,3431.6303700050794,2.0
7524.541191202725,5182.929681490899,2841.318171779074,5662.065802776255,7892.50123554743,3431.6303700050794,3.0
7803.567960278093,5592.971548158543,3382.3751360389924,5662.065802776255,7892.50123554743,3431.6303700050794,4.0
