upper,effects,lower,ate,z_values
5671.9612343341,2960.7457500622018,249.53026579030347,0.0,1.0
-168.00974237851938,-1993.4815052191946,-3818.9532680598695,0.0,2.0
