upper,effects,lower,ate,ate_upper,ate_lower,z_values
-34603.541084885605,-37215.061432095135,-39826.581779304666,-37085.39590416228,-34478.814462238624,-39691.977346085936,0.0
-33771.81723404352,-36533.857081090326,-39295.89692813713,-37085.39590416228,-34478.814462238624,-39691.977346085936,1.0
-34681.508117395046,-37461.8991629088,-40242.29020842255,-37085.39590416228,-34478.814462238624,-39691.977346085936,2.0
-33850.4098229635,-36694.657164119744,-39538.90450527599,-37085.39590416228,-34478.814462238624,-39691.977346085936,3.0
-34236.697980719975,-37093.31202378913,-39949.92606685828,-37085.39590416228,-34478.814462238624,-39691.977346085936,4.0
