upper,effects,lower,ate,ate_upper,ate_lower,z_values
-6634.607664132521,-8445.827546370369,-10257.047428608217,-7232.653719973282,-5615.921863886087,-8849.385576060478,8.0
-6890.677581476348,-8570.16256521976,-10249.647548963172,-7232.653719973282,-5615.921863886087,-8849.385576060478,9.0
-6027.290105182216,-7602.334532320363,-9177.378959458509,-7232.653719973282,-5615.921863886087,-8849.385576060478,10.0
-1886.724147013375,-4658.023169839655,-7429.322192665934,-7232.653719973282,-5615.921863886087,-8849.385576060478,12.0
