upper,effects,lower,ate,z_values
6687.184347119128,4311.859523820613,1936.5347005220974,0.0,8.0
4045.2402165643207,2476.80447401234,908.3687314603596,0.0,9.0
606.7474855153173,-294.9116260690601,-1196.5707376534376,0.0,10.0
-1313.0377905991136,-3680.868360881496,-6048.698931163878,0.0,12.0
