upper,effects,lower,ate,z_values
2390.433463084701,1773.6126080525428,1156.7917530203845,0.0,0.0
-318.56036170015807,-488.51616219249297,-658.4719626848279,0.0,1.0
