upper,effects,lower,ate,z_values
-3426.2490735628176,-5352.757655734333,-7279.266237905847,0.0,8.0
-2585.055471702515,-3885.0046018393887,-5184.953731976262,0.0,9.0
428.77671037750764,-367.7347046458122,-1164.246119669132,0.0,10.0
9000.286681140136,6839.232003793708,4678.1773264472795,0.0,12.0
