upper,effects,lower,ate,z_values
3141.283193364951,2257.4707945449454,1373.65839572494,0.0,0.0
-378.2674991364759,-621.7879340522583,-865.3083689680407,0.0,1.0
