upper,effects,lower,ate,z_values
1614.9315318754086,917.0406623331137,219.14979279081876,0.0,0.0
-60.34927252381482,-252.58570268240837,-444.8221328410019,0.0,1.0
