upper,effects,lower,ate,ate_upper,ate_lower,z_values
-9.497002457916507,-10.461430517251014,-11.42585857658552,-10.273591393653215,-9.366684672765617,-11.180498114540812,1.0
-9.316826691996134,-10.213767599510053,-11.110708507023972,-10.273591393653215,-9.366684672765617,-11.180498114540812,2.0
-9.260702012827084,-10.214044906203068,-11.167387799579052,-10.273591393653215,-9.366684672765617,-11.180498114540812,3.0
-9.17353003180287,-10.220375810632166,-11.267221589461464,-10.273591393653215,-9.366684672765617,-11.180498114540812,4.0
