upper,effects,lower,ate,z_values
-198.88591171886492,-1457.3962285456314,-2715.906545372398,0.0,0.0
748.0574388853515,401.41883803819957,54.780237191047604,0.0,1.0
