upper,effects,lower,ate,ate_upper,ate_lower,z_values
-8836.088384033535,-12645.512175335942,-16454.93596663835,-13012.069710469501,-10977.840976850073,-15046.298444088929,8.0
-9613.94602544935,-12614.199414548488,-15614.452803647626,-13012.069710469501,-10977.840976850073,-15046.298444088929,9.0
-10679.213037573103,-12832.911079066715,-14986.609120560326,-13012.069710469501,-10977.840976850073,-15046.298444088929,10.0
-10513.271642656422,-13919.002077726658,-17324.732512796894,-13012.069710469501,-10977.840976850073,-15046.298444088929,12.0
