upper,effects,lower,ate,ate_upper,ate_lower,z_values
-24821.31635880159,-28866.794324936127,-32912.272291070665,-29957.096118011905,-26029.194258309548,-33884.99797771426,0.0
-26261.59348439149,-30257.404113721717,-34253.21474305194,-29957.096118011905,-26029.194258309548,-33884.99797771426,1.0
