upper,effects,lower,ate,z_values
0.6530974635521042,0.36043703610506717,0.06777660865803015,0.0,1.0
-0.04563750550082679,-0.24268363929158432,-0.43972977308234185,0.0,2.0
