upper,effects,lower,ate,z_values
6610.752313379856,3572.3751336285354,533.997953877215,0.0,8.0
5337.229664552458,3266.017295720747,1194.804926889035,0.0,9.0
1065.221185984185,-83.83751117435386,-1232.896208332893,0.0,10.0
-1765.1874440841466,-4568.669177989823,-7372.150911895499,0.0,12.0
