upper,effects,lower,ate,ate_upper,ate_lower,z_values
1658.2742735491047,-2939.2575484999807,-7536.789370549066,-6023.10104243639,-1689.1181724370363,-10357.083912435744,1.0
-224.2715218587391,-4517.048195402093,-8809.824868945449,-6023.10104243639,-1689.1181724370363,-10357.083912435744,2.0
-2319.6902476259083,-6772.583348422031,-11225.476449218153,-6023.10104243639,-1689.1181724370363,-10357.083912435744,3.0
-3836.7511009616846,-8423.428948705732,-13010.10679644978,-6023.10104243639,-1689.1181724370363,-10357.083912435744,4.0
