upper,effects,lower,ate,z_values
93.60410067398405,-100.74486475834885,-295.09383019068173,0.0,0.0
1372.3379532899933,724.8623544499283,77.38675560986326,0.0,1.0
460.3431707606015,-463.84137655456794,-1388.0259238697374,0.0,2.0
579.9960243133416,-402.50260261844613,-1385.001229550234,0.0,3.0
933.4157471434705,40.28896532010097,-852.8378165032686,0.0,4.0
