upper,effects,lower,ate,z_values
0.5167134684939324,-0.6278079925538528,-1.772329453601638,0.0,1.0
1.1932702314726389,0.4227055209052527,-0.34785918966213336,0.0,2.0
