upper,effects,lower,ate,z_values
9156.022929974357,5021.395095837745,886.767261701134,0.0,1.0
-597.0638606525918,-3380.92460770242,-6164.785354752248,0.0,2.0
