upper,effects,lower,ate,z_values
27.35598222876567,-138.63308505582992,-304.6221523404255,0.0,0.0
1140.5950153193662,547.7588106760542,-45.07739396725776,0.0,1.0
1059.1959970187686,258.1912162499573,-542.8135645188539,0.0,2.0
466.16441218376985,-357.4038380296056,-1180.972088242981,0.0,3.0
1289.3830779023288,521.2120311055888,-246.95901569115097,0.0,4.0
