upper,effects,lower,ate,z_values
1749.5174898813,1224.0392135562195,698.560937231139,0.0,0.0
-192.34550375107614,-337.1440349682514,-481.94256618542664,0.0,1.0
