upper,effects,lower,ate,ate_upper,ate_lower,z_values
-26340.91665942787,-30252.944921750124,-34164.973184072376,-29957.0961180119,-26029.194258309544,-33884.99797771426,0.0
-24864.61992210789,-28898.50924201071,-32932.39856191353,-29957.0961180119,-26029.194258309544,-33884.99797771426,1.0
-25723.874936643384,-29799.466054042903,-33875.05717144242,-29957.0961180119,-26029.194258309544,-33884.99797771426,2.0
-25561.89052613478,-29628.66813441873,-33695.44574270269,-29957.0961180119,-26029.194258309544,-33884.99797771426,3.0
-25354.27583486816,-29465.260714761,-33576.24559465384,-29957.0961180119,-26029.194258309544,-33884.99797771426,4.0
