upper,effects,lower,ate,z_values
1363.4863926792173,456.8816960989234,-449.7230004813706,0.0,0.0
123.86971756273255,-125.84152956582847,-375.5527766943895,0.0,1.0
