upper,effects,lower,ate,ate_upper,ate_lower,z_values
-24294.14194605923,-27751.758402297455,-31209.37485853568,-27550.60238623431,-24070.39246099242,-31030.8123114762,0.0
-23120.02698320342,-26701.727291838914,-30283.427600474406,-27550.60238623431,-24070.39246099242,-31030.8123114762,1.0
-23788.0876056907,-27349.01598459938,-30909.94436350806,-27550.60238623431,-24070.39246099242,-31030.8123114762,2.0
-24284.436470630808,-27910.063736887056,-31535.691003143304,-27550.60238623431,-24070.39246099242,-31030.8123114762,3.0
-23329.339953910967,-27006.8937953822,-30684.44763685343,-27550.60238623431,-24070.39246099242,-31030.8123114762,4.0
