upper,effects,lower,ate,z_values
1815.8940426618435,78.76542761213386,-1658.3631874375758,0.0,1.0
1558.802251950565,671.0156425021528,-216.77096694625948,0.0,2.0
645.9120210698148,91.34786773553859,-463.2162855987377,0.0,3.0
808.0335273516257,-502.75365393883476,-1813.5408352292952,0.0,4.0
