upper,effects,lower,ate,ate_upper,ate_lower,z_values
-42049.109822911385,-44131.057839127105,-46213.005855342824,-44583.812458242544,-42822.82326134673,-46344.801655138355,1.0
-42189.057859396235,-43865.07307592138,-45541.08829244652,-44583.812458242544,-42822.82326134673,-46344.801655138355,2.0
-42763.68156528495,-44674.918621656434,-46586.15567802792,-44583.812458242544,-42822.82326134673,-46344.801655138355,3.0
-42840.17476036675,-45214.41925719597,-47588.66375402519,-44583.812458242544,-42822.82326134673,-46344.801655138355,4.0
