upper,effects,lower,ate,z_values
1.0655893508167622,0.7491130008552328,0.43263665089370346,0.0,1.0
-0.29129892508402777,-0.5043806554291274,-0.7174623857742269,0.0,2.0
