upper,effects,lower,ate,z_values
-3553.3551126483862,-5201.785019467565,-6850.214926286743,0.0,1.0
4611.240181925534,3502.381785055565,2393.5233881855966,0.0,2.0
