upper,effects,lower,ate,z_values
3945.2021105493577,2857.438678931788,1769.6752473142187,0.0,0.0
-487.3610037035263,-787.0405076278981,-1086.72001155227,0.0,1.0
