upper,effects,lower,ate,z_values
7465.912904987555,3668.5238484479605,-128.86520809163358,0.0,1.0
86.76537623799504,-2470.0312096448597,-5026.827795527714,0.0,2.0
