upper,effects,lower,ate,ate_upper,ate_lower,z_values
1229.9534149223593,-1334.0202858213877,-3897.993986565135,2406.493731777594,4642.551693441334,170.43577011385423,8.0
2022.8257255716044,-356.50592529133064,-2735.8375761542657,2406.493731777594,4642.551693441334,170.43577011385423,9.0
4133.528702380423,1961.044450194584,-211.43980199125508,2406.493731777594,4642.551693441334,170.43577011385423,10.0
11310.561357144608,7610.940523387997,3911.3196896313866,2406.493731777594,4642.551693441334,170.43577011385423,12.0
