upper,effects,lower,ate,z_values
-1.4332061926925612,-2.1579179013498866,-2.882629610007212,0.0,1.0
1.9408129515548511,1.4529343867964224,0.9650558220379938,0.0,2.0
