upper,effects,lower,ate,z_values
0.3428377175673301,-0.18783912359780058,-0.7185159647629313,0.0,1.0
0.3216820939724261,0.05982379414316255,-0.20203450568610096,0.0,2.0
0.23449541867453377,0.05954648745015202,-0.11540244377422972,0.0,3.0
0.4379807424710157,0.05321558302104998,-0.3315495764289158,0.0,4.0
