upper,effects,lower,ate,z_values
1876.5523293863284,-1291.9676687704214,-4460.487666927171,0.0,1.0
3003.263379464142,869.8867385217281,-1263.4899024206857,0.0,2.0
