upper,effects,lower,ate,ate_upper,ate_lower,z_values
1825.6680575070195,-1692.2135726652646,-5210.095202837549,5662.065802776255,7892.50123554743,3431.6303700050794,1.0
12901.052647268603,10613.730279638687,8326.40791200877,5662.065802776255,7892.50123554743,3431.6303700050794,2.0
