upper,effects,lower,ate,z_values
3140.4007053624277,1898.800253050874,657.1998007393204,0.0,0.0
-180.99369969754133,-522.9972874876578,-865.0008752777742,0.0,1.0
