upper,effects,lower,ate,z_values
7595.7641643866755,4098.146443778689,600.528723170703,0.0,8.0
5480.2415238952,3287.3453840608577,1094.449244226516,0.0,9.0
527.3523310773575,-742.2913764371873,-2011.935083951732,0.0,10.0
-331.99906053206087,-3493.2295314248695,-6654.460002317678,0.0,12.0
