upper,effects,lower,ate,z_values
1514.236676005878,-319.9726204915427,-2154.1819169889636,0.0,1.0
1450.4189358864649,215.43879746977464,-1019.5413409469155,0.0,2.0
