upper,effects,lower,ate,z_values
7333.853719060875,3629.9674188040744,-73.91888145272605,0.0,8.0
3783.085934947365,1391.8354967575708,-999.4149414322235,0.0,9.0
920.129188004283,-387.80519686173363,-1695.7395817277502,0.0,10.0
1158.0997640080022,-2135.3194904209254,-5428.738744849853,0.0,12.0
