upper,effects,lower,ate,z_values
0.06466222693687537,-0.03526168046492159,-0.13518558786671855,0.0,0.0
0.03722500865157386,0.009712324021845449,-0.01780036060788296,0.0,1.0
