upper,effects,lower,ate,z_values
956.8905933035098,-443.1312849836188,-1843.1531632707474,0.0,0.0
507.6700609214812,122.05413356264896,-263.5617937961832,0.0,1.0
