upper,effects,lower,ate,z_values
5291.710743435918,3314.877866737923,1338.044990039928,0.0,1.0
3101.4099435883645,2121.382816848407,1141.3556901084494,0.0,2.0
-172.66997133905454,-796.4169259292959,-1420.163880519537,0.0,3.0
-1368.9927966024575,-2851.022651197459,-4333.052505792461,0.0,4.0
