upper,effects,lower,ate,z_values
1956.3727014413007,-1803.184092572063,-5562.740886585427,0.0,1.0
3745.0284697618094,1214.090728383383,-1316.8470129950433,0.0,2.0
