upper,effects,lower,ate,z_values
8393.766145320757,4430.804975540019,467.8438057592807,0.0,1.0
-315.0011324127008,-2983.2780555411164,-5651.554978669532,0.0,2.0
