upper,effects,lower,ate,z_values
-2523.8331279103604,-3602.5003308472524,-4681.167533784144,0.0,1.0
-1152.3773718933394,-1652.4854364859325,-2152.5935010785256,0.0,2.0
1317.232680161715,961.6187267439761,606.0047733262371,0.0,3.0
3386.8427117376255,2660.950012699293,1935.0573136609605,0.0,4.0
