upper,effects,lower,ate,z_values
2466.2991069540785,1090.3017930757744,-285.6955208025297,0.0,0.0
78.6907104386608,-300.3079957098165,-679.3067018582938,0.0,1.0
