upper,effects,lower,ate,z_values
2355.6808738095856,1725.5024878028426,1095.3241017960995,0.0,0.0
-301.63128152325066,-475.26491690467515,-648.8985522860996,0.0,1.0
