upper,effects,lower,ate,ate_upper,ate_lower,z_values
2259.2818886813566,132.16911718879055,-1994.9436543037755,-813.1874490744776,1509.526910136276,-3135.9018082852313,0.0
1376.1028273983638,-1073.5723363340494,-3523.2475000664626,-813.1874490744776,1509.526910136276,-3135.9018082852313,1.0
