upper,effects,lower,ate,z_values
7595.7641643866755,4098.146443778689,600.5287231707025,0.0,8.0
5480.2415238952,3287.345384060858,1094.4492442265164,0.0,9.0
527.3523310773573,-742.2913764371874,-2011.9350839517322,0.0,10.0
-331.99906053206087,-3493.2295314248695,-6654.460002317678,0.0,12.0
