upper,effects,lower,ate,z_values
0.5532203435952913,0.1690815674933993,-0.21505720860849264,0.0,0.0
0.059239896536631496,-0.04657109548970947,-0.15238208751605042,0.0,1.0
