upper,effects,lower,ate,z_values
96.82407430265863,4.381273736325659,-88.06152683000732,0.0,0.0
275.975711802787,-33.58731813410963,-343.15034807100625,0.0,1.0
502.02824492692923,53.88317818914939,-394.2618885486305,0.0,2.0
492.4700950526498,22.55877743649514,-447.35254017965957,0.0,3.0
392.8061635932219,-23.632508584647784,-440.0711807625175,0.0,4.0
