upper,effects,lower,ate,z_values
961.1780861358939,-518.6568369108431,-1998.4917599575801,0.0,1.0
564.6464441897067,-146.43258945163393,-857.5116230929746,0.0,2.0
714.8227329220531,212.1364207583364,-290.5498914053803,0.0,3.0
1306.3115436683631,260.6221064299563,-785.0673308084504,0.0,4.0
