upper,effects,lower,ate,ate_upper,ate_lower,z_values
-22627.7915997454,-26752.02566129502,-30876.259722844643,-29957.0961180119,-26029.194258309544,-33884.99797771426,1.0
-23910.998040746537,-27721.06362262904,-31531.129204511544,-29957.0961180119,-26029.194258309544,-33884.99797771426,2.0
-26776.479691379554,-30802.62263620439,-34828.76558102923,-29957.0961180119,-26029.194258309544,-33884.99797771426,3.0
-28303.655574069046,-32733.209718481932,-37162.76386289482,-29957.0961180119,-26029.194258309544,-33884.99797771426,4.0
