upper,effects,lower,ate,z_values
1514.2366760058783,-319.97262049154256,-2154.181916988963,0.0,1.0
1450.4189358864649,215.43879746977464,-1019.5413409469155,0.0,2.0
