upper,effects,lower,ate,z_values
242.37047788805603,-3388.7466740780455,-7019.863826044148,0.0,1.0
4726.3469940488885,2281.656079368353,-163.03483531218308,0.0,2.0
