upper,effects,lower,ate,ate_upper,ate_lower,z_values
1229.9534149223593,-1334.0202858213881,-3897.993986565136,2406.4937317775957,4642.551693441335,170.43577011385605,8.0
2022.825725571604,-356.50592529133064,-2735.837576154265,2406.4937317775957,4642.551693441335,170.43577011385605,9.0
4133.528702380422,1961.044450194583,-211.439801991256,2406.4937317775957,4642.551693441335,170.43577011385605,10.0
11310.561357144605,7610.940523387995,3911.319689631385,2406.4937317775957,4642.551693441335,170.43577011385605,12.0
