upper,effects,lower,ate,z_values
1625.4529553983189,909.3783451241613,193.30373485000393,0.0,0.0
-53.250380680534334,-250.47521050091856,-447.7000403213028,0.0,1.0
