upper,effects,lower,ate,z_values
-0.1266196530706432,-0.4261419949997822,-0.7256643369289213,0.0,0.0
0.19987208302354748,0.11737470217013976,0.03487732131673203,0.0,1.0
