upper,effects,lower,ate,z_values
558.892018096836,-48.11012024970029,-655.1122585962366,0.0,0.0
180.44127247548113,13.251245287817895,-153.93878189984537,0.0,1.0
