upper,effects,lower,ate,z_values
2128.213117080713,314.4470103167653,-1499.3190964471823,0.0,1.0
1574.7580192964651,676.4632369294227,-221.83154543761964,0.0,2.0
546.2263138291028,-8.841624123908502,-563.9095620769199,0.0,3.0
784.0048311233327,-585.5354361276147,-1955.0757033785621,0.0,4.0
