upper,effects,lower,ate,z_values
177.08886365662127,62.36850282322332,-52.351858010174645,0.0,0.0
338.7465406368173,-53.633116054515995,-446.0127727458493,0.0,1.0
621.3403548607629,67.98795451675622,-485.3644458272505,0.0,2.0
118.57203985069702,-579.7983908586034,-1278.1688215679037,0.0,3.0
412.68964128367236,-91.87860672259626,-596.4468547288649,0.0,4.0
