upper,effects,lower,ate,z_values
-4615.4056424261835,-6824.57918840981,-9033.752734393436,0.0,1.0
6081.802943104066,4595.015336085803,3108.22772906754,0.0,2.0
