upper,effects,lower,ate,z_values
925.0276574230003,-943.0118993860696,-2811.0514561951395,0.0,1.0
1891.6805832082146,634.9334734965126,-621.8136362151891,0.0,2.0
