upper,effects,lower,ate,ate_upper,ate_lower,z_values
-22018.683656281613,-25651.80213318343,-29284.92061008525,-27550.602386234306,-24070.39246099242,-31030.81231147619,0.0
-24564.059143366612,-28073.599673721972,-31583.140204077332,-27550.602386234306,-24070.39246099242,-31030.81231147619,1.0
