upper,effects,lower,ate,ate_upper,ate_lower,z_values
-9779.58495238607,-12434.438739440851,-15089.292526495632,-7232.65371997328,-5615.921863886085,-8849.385576060475,1.0
-2074.469272272615,-3730.271934917716,-5386.074597562817,-7232.65371997328,-5615.921863886085,-8849.385576060475,2.0
