upper,effects,lower,ate,z_values
2.5941939434522077,1.7120687638287126,0.8299435842052179,0.0,8.0
1.807858438909146,1.259935183136019,0.712011927362892,0.0,9.0
0.41364969080661873,0.08388920460932267,-0.24587128158797336,0.0,10.0
-1.3182401829627388,-2.137011660957896,-2.955783138953054,0.0,12.0
