upper,effects,lower,ate,ate_upper,ate_lower,z_values
-10440.85218349918,-14598.286212555871,-18755.720241612562,-15072.195589905368,-11103.147734959082,-19041.243444851654,0.0
-11202.128402149196,-15202.727159025128,-19203.32591590106,-15072.195589905368,-11103.147734959082,-19041.243444851654,1.0
