upper,effects,lower,ate,z_values
273.3632158042449,-1573.2995285266243,-3419.962272857493,0.0,8.0
188.58303237461473,-1204.1604660028088,-2596.9039643802325,0.0,9.0
228.99908837817327,-622.0335209393074,-1473.0661302567883,0.0,10.0
5727.29593565763,3101.523700712337,475.751465767044,0.0,12.0
