upper,effects,lower,ate,z_values
1540.878988188926,808.4984599750987,76.1179317612715,0.0,0.0
-20.927315769108333,-222.68929177784128,-424.45126778657425,0.0,1.0
