upper,effects,lower,ate,z_values
-0.010919741463230583,-0.0569248887688385,-0.10293003607444642,0.0,0.0
0.2774892321551746,0.11522784725784879,-0.04703353763947704,0.0,1.0
0.35860179442089435,0.14358887775644014,-0.07142403890801405,0.0,2.0
0.579672783361778,0.35331034950138424,0.1269479156409905,0.0,3.0
0.1458377312172354,-0.04674648339530963,-0.23933069800785464,0.0,4.0
