upper,effects,lower,ate,ate_upper,ate_lower,z_values
-848.594162785067,-4418.085456632215,-7987.576750479363,2406.493731777594,4642.551693441334,170.43577011385423,1.0
9309.865733761653,7001.509067863393,4693.152401965133,2406.493731777594,4642.551693441334,170.43577011385423,2.0
