upper,effects,lower,ate,z_values
1737.1695984010066,945.3565662632698,153.5435341255328,0.0,0.0
-42.22958153286933,-260.3848872595777,-478.540192986286,0.0,1.0
