upper,effects,lower,ate,ate_upper,ate_lower,z_values
2401.197400874179,571.9679227326651,-1257.2615554088486,891.9405432242056,1662.759987740531,121.12109870788015,1.0
2706.351551105467,1107.3793406939822,-491.5928697175027,891.9405432242056,1662.759987740531,121.12109870788015,2.0
