upper,effects,lower,ate,z_values
-0.769196236273997,-1.9559104943827141,-3.1426247524914315,0.0,1.0
2.1159412849852286,1.3169220332557785,0.5179027815263286,0.0,2.0
