upper,effects,lower,ate,z_values
3349.142354227516,366.55753513355626,-2616.027283960404,0.0,8.0
2388.784316698846,397.8702959210097,-1593.0437248568267,0.0,9.0
1282.0914402081155,179.1586314027984,-923.7741774025187,0.0,10.0
1840.752534157864,-906.9323672571586,-3654.617268672181,0.0,12.0
