upper,effects,lower,ate,ate_upper,ate_lower,z_values
-9.371821662507312,-10.277604231146874,-11.183386799786437,-10.273591393653215,-9.366684672765617,-11.180498114540812,0.0
-9.26802403396077,-10.222908992160768,-11.177793950360766,-10.273591393653215,-9.366684672765617,-11.180498114540812,1.0
-9.382364137305524,-10.277986581985338,-11.173609026665153,-10.273591393653215,-9.366684672765617,-11.180498114540812,2.0
-9.459480500894172,-10.386353520623333,-11.313226540352494,-10.273591393653215,-9.366684672765617,-11.180498114540812,3.0
-9.265983934641165,-10.237272613996188,-11.208561293351211,-10.273591393653215,-9.366684672765617,-11.180498114540812,4.0
