upper,effects,lower,ate,ate_upper,ate_lower,z_values
1229.953414922358,-1334.0202858213895,-3897.9939865651368,2406.4937317775957,4642.551693441335,170.43577011385605,8.0
2022.8257255716044,-356.50592529133064,-2735.8375761542657,2406.4937317775957,4642.551693441335,170.43577011385605,9.0
4133.528702380421,1961.0444501945822,-211.4398019912569,2406.4937317775957,4642.551693441335,170.43577011385605,10.0
11310.561357144612,7610.940523388001,3911.3196896313902,2406.4937317775957,4642.551693441335,170.43577011385605,12.0
