upper,effects,lower,ate,z_values
3140.400705362427,1898.8002530508732,657.1998007393195,0.0,0.0
-180.99369969754133,-522.9972874876578,-865.0008752777742,0.0,1.0
