upper,effects,lower,ate,z_values
659.1302815858135,-1262.9845198776125,-3185.0993213410384,0.0,1.0
2143.556917733636,850.3722709662874,-442.8123758010612,0.0,2.0
