upper,effects,lower,ate,z_values
242.37047788805512,-3388.7466740780465,-7019.863826044148,0.0,1.0
4726.34699404889,2281.6560793683534,-163.03483531218308,0.0,2.0
