upper,effects,lower,ate,z_values
558.8920180968362,-48.110120249700174,-655.1122585962364,0.0,0.0
180.44127247548116,13.251245287817902,-153.93878189984534,0.0,1.0
