upper,effects,lower,ate,z_values
1726.5235863689782,473.9093773494942,-778.7048316699897,0.0,0.0
214.4899360358009,-130.53156911975952,-475.55307427531994,0.0,1.0
