upper,effects,lower,ate,z_values
0.6292856375030016,0.22518078925830487,-0.17892405898639185,0.0,0.0
0.04928206211773307,-0.06202281696547638,-0.17332769604868584,0.0,1.0
