upper,effects,lower,ate,z_values
162.36019018240796,59.806652854470386,-42.746884473467176,0.0,0.0
272.9892034020078,-83.68456284465589,-440.35832909131955,0.0,1.0
563.3783448149679,47.297787449375846,-468.78276991621624,0.0,2.0
100.7040797956738,-479.1361212853602,-1058.9763223663942,0.0,3.0
377.8815359402664,-69.09425461771221,-516.0700451756909,0.0,4.0
