upper,effects,lower,ate,z_values
-88.16255646505618,-295.84880373822887,-503.53505101140155,0.0,0.0
1766.339582747016,1058.586876001189,350.834169255362,0.0,1.0
1175.0073916865526,157.63006396900215,-859.7472637485484,0.0,2.0
1412.9774617276514,328.4279835931745,-756.1214945413024,0.0,3.0
1465.6389972251313,491.83540325090337,-481.9681907233245,0.0,4.0
