upper,effects,lower,ate,ate_upper,ate_lower,z_values
1658.2742735491056,-2939.2575484999797,-7536.789370549065,-6023.10104243639,-1689.1181724370363,-10357.083912435744,1.0
-224.27152185873638,-4517.048195402091,-8809.824868945445,-6023.10104243639,-1689.1181724370363,-10357.083912435744,2.0
-2319.6902476259074,-6772.58334842203,-11225.476449218153,-6023.10104243639,-1689.1181724370363,-10357.083912435744,3.0
-3836.751100961683,-8423.42894870573,-13010.106796449778,-6023.10104243639,-1689.1181724370363,-10357.083912435744,4.0
