upper,effects,lower,ate,ate_upper,ate_lower,z_values
-8.555334607934945,-10.134027267618267,-11.712719927301588,-10.273591393653215,-9.366684672765617,-11.180498114540812,8.0
-8.981935127396962,-10.165216184944219,-11.348497242491476,-10.273591393653215,-9.366684672765617,-11.180498114540812,9.0
-9.47367490310961,-10.441380900277519,-11.409086897445428,-10.273591393653215,-9.366684672765617,-11.180498114540812,10.0
-8.927587721713191,-10.103451373532295,-11.279315025351398,-10.273591393653215,-9.366684672765617,-11.180498114540812,12.0
