upper,effects,lower,ate,z_values
8750.740219467978,5798.788700954118,2846.8371824402584,0.0,8.0
4796.597052980945,2782.140470301155,767.6838876213649,0.0,9.0
1033.9080398599813,-105.12656284523396,-1244.1611655504494,0.0,10.0
-1903.9173095737588,-4992.997855051213,-8082.078400528668,0.0,12.0
