upper,effects,lower,ate,z_values
-4615.405642426185,-6824.579188409811,-9033.752734393436,0.0,1.0
6081.802943104067,4595.015336085804,3108.227729067541,0.0,2.0
