upper,effects,lower,ate,ate_upper,ate_lower,z_values
3288.00150366989,-2354.577193988434,-7997.155891646758,-6023.10104243639,-1689.1181724370363,-10357.083912435744,1.0
-3347.137402162255,-8493.132252081246,-13639.127102000239,-6023.10104243639,-1689.1181724370363,-10357.083912435744,2.0
