upper,effects,lower,ate,z_values
8038.652625967442,5525.0333502177,3011.414074467958,0.0,8.0
5441.591650012719,3814.3133192588202,2187.0349885049222,0.0,9.0
1019.1498257437811,74.7691862780172,-869.6114531877467,0.0,10.0
-3894.587685139586,-6255.4989110151255,-8616.410136890665,0.0,12.0
