upper,effects,lower,ate,z_values
1649.6574011770704,599.9678843868425,-449.72163240338557,0.0,0.0
123.86933537338103,-165.25257357563976,-454.37448252466055,0.0,1.0
