upper,effects,lower,ate,z_values
8055.876438411668,3965.5327013634706,-124.81103568472645,0.0,1.0
84.03569772571018,-2670.0083974940753,-5424.052492713861,0.0,2.0
