upper,effects,lower,ate,z_values
1964.5825311704402,-689.643988499608,-3343.870508169656,0.0,1.0
2249.864061264483,464.33990926975594,-1321.184242724971,0.0,2.0
