upper,effects,lower,ate,ate_upper,ate_lower,z_values
-8836.088384033535,-12645.512175335942,-16454.93596663835,-13012.069710469501,-10977.840976850073,-15046.298444088929,8.0
-9613.946025449352,-12614.19941454849,-15614.452803647628,-13012.069710469501,-10977.840976850073,-15046.298444088929,9.0
-10679.213037573101,-12832.911079066713,-14986.609120560324,-13012.069710469501,-10977.840976850073,-15046.298444088929,10.0
-10513.271642656426,-13919.002077726662,-17324.732512796898,-13012.069710469501,-10977.840976850073,-15046.298444088929,12.0
