upper,effects,lower,ate,z_values
5671.9612343341005,2960.745750062202,249.53026579030393,0.0,1.0
-168.00974237851915,-1993.4815052191943,-3818.9532680598695,0.0,2.0
