upper,effects,lower,ate,ate_upper,ate_lower,z_values
8718.540247922474,6579.10646510937,4439.672682296266,5662.065802776255,7892.50123554743,3431.6303700050794,0.0
7748.618959253196,5409.480100093847,3070.3412409344974,5662.065802776255,7892.50123554743,3431.6303700050794,1.0
