upper,effects,lower,ate,z_values
558.892018096836,-48.11012024970029,-655.1122585962366,0.0,0.0
180.44127247548116,13.251245287817909,-153.93878189984534,0.0,1.0
