upper,effects,lower,ate,z_values
1.2623356013149065,0.13956412603494628,-0.983207349245014,0.0,8.0
0.8172884583491493,0.10837520870899665,-0.600538040931156,0.0,9.0
0.22158484172300014,-0.1677895066243017,-0.5571638549716036,0.0,10.0
1.083145728592245,0.17014002012091978,-0.7428656883504055,0.0,12.0
