upper,effects,lower,ate,z_values
3039.6387685602504,1681.5655725149688,323.4923764696871,0.0,0.0
-89.10136856929631,-463.1631339167797,-837.2248992642631,0.0,1.0
