upper,effects,lower,ate,z_values
-10.800544564084191,-201.15601606315386,-391.5114875622235,0.0,0.0
1495.6943289621195,848.8750943953972,202.0558598286749,0.0,1.0
1110.934915882156,201.5864016349285,-707.762112612299,0.0,2.0
626.7305722655738,-359.46135065274746,-1345.6532735710687,0.0,3.0
1434.3387063375326,543.7085908521117,-346.9215246333092,0.0,4.0
