upper,effects,lower,ate,z_values
242.37047788805694,-3388.7466740780446,-7019.863826044146,0.0,1.0
4726.346994048889,2281.656079368353,-163.03483531218353,0.0,2.0
