upper,effects,lower,ate,z_values
2098.547321297302,-1700.3946745447456,-5499.336670386793,0.0,1.0
3702.1156283039672,1144.88219675131,-1412.3512348013473,0.0,2.0
