upper,effects,lower,ate,z_values
201.0299903174647,94.69278767507511,-11.64441496731449,0.0,0.0
144.73148466821482,-209.711781605792,-564.1550478797988,0.0,1.0
570.3647095756528,43.95633766592664,-482.4520342437995,0.0,2.0
-46.62140841234873,-687.8893342459221,-1329.1572600794955,0.0,3.0
529.4552251104587,51.87318760120806,-425.70884990804257,0.0,4.0
