upper,effects,lower,ate,z_values
-3426.249073562817,-5352.757655734333,-7279.266237905848,0.0,8.0
-2585.055471702516,-3885.0046018393896,-5184.953731976263,0.0,9.0
428.77671037750747,-367.73470464581226,-1164.246119669132,0.0,10.0
9000.286681140135,6839.232003793706,4678.177326447278,0.0,12.0
