upper,effects,lower,ate,ate_upper,ate_lower,z_values
1.213175025777541,0.4710727659283318,-0.2710294939208774,0.43220810193849335,1.1690693147320217,-0.304653110855035,0.0
1.097754033895591,0.3562203924951115,-0.3853132489053679,0.43220810193849335,1.1690693147320217,-0.304653110855035,1.0
1.0801403080689607,0.32395985822102125,-0.4322205916269183,0.43220810193849335,1.1690693147320217,-0.304653110855035,2.0
0.973580728286913,0.21041941717746804,-0.5527418939319769,0.43220810193849335,1.1690693147320217,-0.304653110855035,3.0
1.1775555554859372,0.44206047566422635,-0.29343460415748457,0.43220810193849335,1.1690693147320217,-0.304653110855035,4.0
