upper,effects,lower,ate,ate_upper,ate_lower,z_values
8718.540247922472,6579.106465109368,4439.672682296265,5662.065802776256,7892.501235547431,3431.6303700050803,0.0
7748.6189592531955,5409.480100093846,3070.3412409344965,5662.065802776256,7892.501235547431,3431.6303700050803,1.0
