upper,effects,lower,ate,ate_upper,ate_lower,z_values
-11029.306858463164,-14973.481499553433,-18917.656140643703,-15072.195589905368,-11103.147734959082,-19041.243444851654,1.0
-10919.435976936353,-14693.629862873611,-18467.82374881087,-15072.195589905368,-11103.147734959082,-19041.243444851654,2.0
-10779.401791311482,-14973.071952100205,-19166.742112888925,-15072.195589905368,-11103.147734959082,-19041.243444851654,3.0
-11030.452964555228,-15446.039554606692,-19861.626144658156,-15072.195589905368,-11103.147734959082,-19041.243444851654,4.0
