upper,effects,lower,ate,z_values
3293.6944030506975,1995.739502376961,697.7846017032243,0.0,0.0
-192.1947965157304,-549.6978401813776,-907.2008838470249,0.0,1.0
