upper,effects,lower,ate,z_values
2.450948409959273,1.2790545412943342,0.10716067262939544,0.0,8.0
1.702745166310009,0.971159224865572,0.23957328342113515,0.0,9.0
0.31229354874781196,-0.08791598383530515,-0.4881255164184222,0.0,10.0
-0.395250408363518,-1.3242376485827947,-2.2532248888020714,0.0,12.0
