upper,effects,lower,ate,z_values
3141.2831933649513,2257.470794544946,1373.6583957249404,0.0,0.0
-378.26749913647603,-621.7879340522584,-865.3083689680407,0.0,1.0
