upper,effects,lower,ate,z_values
-1932.19044772517,-3740.5140175989786,-5548.837587472787,0.0,8.0
-1484.2471700941112,-2762.9996570689236,-4041.752144043736,0.0,9.0
365.3951715185849,-445.44928158300615,-1256.2937346845972,0.0,10.0
7643.030533484857,5204.446791610417,2765.8630497359763,0.0,12.0
