upper,effects,lower,ate,z_values
-88.1625564650563,-295.848803738229,-503.53505101140166,0.0,0.0
1766.3395827470163,1058.5868760011892,350.8341692553623,0.0,1.0
1175.0073916865524,157.63006396900187,-859.7472637485487,0.0,2.0
1412.9774617276514,328.42798359317453,-756.1214945413024,0.0,3.0
1465.6389972251313,491.8354032509036,-481.96819072332426,0.0,4.0
