upper,effects,lower,ate,z_values
2569.921417176202,1680.920909655143,791.9204021340844,0.0,0.0
-218.0858500867895,-462.9855645340799,-707.8852789813703,0.0,1.0
