upper,effects,lower,ate,ate_upper,ate_lower,z_values
-4513.719700950605,-6008.614506417061,-7503.5093118835175,-7232.65371997328,-5615.921863886085,-8849.385576060475,0.0
-5876.2535256257925,-7569.797754941538,-9263.341984257284,-7232.65371997328,-5615.921863886085,-8849.385576060475,1.0
