upper,effects,lower,ate,z_values
177.0888636566213,62.36850282322335,-52.35185801017461,0.0,0.0
338.74654063681726,-53.63311605451605,-446.01277274584936,0.0,1.0
621.340354860763,67.98795451675625,-485.36444582725045,0.0,2.0
118.57203985069702,-579.7983908586034,-1278.1688215679037,0.0,3.0
412.68964128367236,-91.87860672259626,-596.4468547288649,0.0,4.0
