upper,effects,lower,ate,ate_upper,ate_lower,z_values
6344.764547265733,2374.386568034601,-1595.9914111965309,2922.4044514560724,6700.82366864755,-856.014765735405,0.0
6871.858980894877,3073.348078993353,-725.1628229081716,2922.4044514560724,6700.82366864755,-856.014765735405,1.0
