upper,effects,lower,ate,z_values
781.7800523388628,-706.8348084676747,-2195.4496692742123,0.0,1.0
674.1113379983767,-78.7558441786777,-831.623026355732,0.0,2.0
694.5416627650344,234.21884067168327,-226.10398142166787,0.0,3.0
1471.8184120677715,348.07704259459285,-775.6643268785857,0.0,4.0
