upper,effects,lower,ate,z_values
33.30791827440041,-61.12700186576066,-155.56192200592173,0.0,0.0
731.7921170082982,425.64069558745757,119.48927416661695,0.0,1.0
162.70712274428126,-263.19379539649424,-689.0947135372697,0.0,2.0
203.4276886524596,-336.91480489041095,-877.2572984332814,0.0,3.0
542.6831932518257,153.65902097271533,-235.36515130639503,0.0,4.0
