upper,effects,lower,ate,z_values
-2528.4191712107345,-4360.686384358138,-6192.9535975055405,0.0,8.0
-2103.8054395795752,-3357.8780026381655,-4611.950565696756,0.0,9.0
519.8220388701362,-254.47602540520177,-1028.7740896805399,0.0,10.0
7871.633888574261,5671.564313534103,3471.494738493946,0.0,12.0
