upper,effects,lower,ate,z_values
1815.8940426618435,78.76542761213386,-1658.3631874375758,0.0,1.0
1558.8022519505648,671.0156425021524,-216.77096694625982,0.0,2.0
645.912021069815,91.34786773553867,-463.2162855987376,0.0,3.0
808.0335273516253,-502.7536539388352,-1813.5408352292957,0.0,4.0
