upper,effects,lower,ate,ate_upper,ate_lower,z_values
11.458232389192373,10.266832020951943,9.075431652711513,10.041651231693642,11.06392790674573,9.019374556641553,0.0
10.998222445277596,9.979628414728166,8.961034384178737,10.041651231693642,11.06392790674573,9.019374556641553,1.0
