upper,effects,lower,ate,z_values
7333.853719060875,3629.967418804075,-73.9188814527256,0.0,8.0
3783.0859349473662,1391.8354967575715,-999.4149414322233,0.0,9.0
920.1291880042833,-387.80519686173363,-1695.7395817277506,0.0,10.0
1158.0997640080018,-2135.319490420926,-5428.738744849854,0.0,12.0
