upper,effects,lower,ate,z_values
8055.87643841167,3965.5327013634733,-124.81103568472372,0.0,1.0
84.03569772571018,-2670.0083974940753,-5424.052492713861,0.0,2.0
