upper,effects,lower,ate,z_values
8988.476941001618,5484.666028968489,1980.85511693536,0.0,8.0
4801.516438081948,2453.2071123374176,104.89778659288777,0.0,9.0
1032.1590422345685,-252.57182291548406,-1537.3026880655366,0.0,10.0
-929.4020811942378,-4239.852775479916,-7550.303469765595,0.0,12.0
