upper,effects,lower,ate,z_values
-4027.986756710646,-6414.891489620807,-8801.796222530967,0.0,1.0
5925.314075905941,4319.171043422894,2713.0280109398486,0.0,2.0
