upper,effects,lower,ate,z_values
3141.283193364952,2257.4707945449463,1373.6583957249409,0.0,0.0
-378.26749913647603,-621.7879340522584,-865.3083689680407,0.0,1.0
