upper,effects,lower,ate,ate_upper,ate_lower,z_values
8606.673860316738,2902.031746926478,-2802.6103664637826,-6023.10104243639,-1689.1181724370363,-10357.083912435744,8.0
6194.586206290853,1127.920855123742,-3938.744496043368,-6023.10104243639,-1689.1181724370363,-10357.083912435744,9.0
-1348.3859510379198,-5739.203848964931,-10130.021746891944,-6023.10104243639,-1689.1181724370363,-10357.083912435744,10.0
-11864.064255644655,-17431.002224219923,-22997.94019279519,-6023.10104243639,-1689.1181724370363,-10357.083912435744,12.0
