upper,effects,lower,ate,z_values
1514.3691864782124,591.9942080073675,-330.38077046347735,0.0,1.0
959.9561114273566,547.5314665870807,135.1068217468047,0.0,2.0
124.54884229800234,-159.8840629386242,-444.31696817525074,0.0,3.0
35.653323677670414,-579.0008007578733,-1193.654925193417,0.0,4.0
