upper,effects,lower,ate,z_values
-5228.129007433396,-7354.279375441516,-9480.429743449637,0.0,1.0
6382.946352430794,4951.664476862427,3520.382601294061,0.0,2.0
