upper,effects,lower,ate,z_values
-1027.1644227462973,-1887.0736981903776,-2746.982973634458,0.0,1.0
-457.1266200904268,-831.5412738402507,-1205.9559275900747,0.0,2.0
811.4265858728758,531.2139571865063,251.00132850013676,0.0,3.0
1892.225845368424,1348.201266997403,804.1766886263821,0.0,4.0
