upper,effects,lower,ate,z_values
3338.901700706711,2047.6074824662849,756.3132642258588,0.0,1.0
1962.647423685858,1319.1478542879327,675.6482848900072,0.0,2.0
-95.036744641989,-514.7765083753939,-934.5162721087987,0.0,3.0
-772.2297959304926,-1742.450383778058,-2712.6709716256237,0.0,4.0
