upper,effects,lower,ate,z_values
108.24491024940971,30.36312724750995,-47.51865575438981,0.0,0.0
351.08224938923956,89.15065720290352,-172.78093498343253,0.0,1.0
282.3225780741342,-87.40045603685302,-457.12349014784024,0.0,2.0
-114.11439131543358,-596.865427097203,-1079.6164628789725,0.0,3.0
386.256414800083,52.424234974071936,-281.4079448519392,0.0,4.0
