upper,effects,lower,ate,ate_upper,ate_lower,z_values
-11582.559995472577,-13718.904518937172,-15855.249042401767,-13012.069710469501,-10977.840976850073,-15046.298444088929,1.0
-11135.496433375869,-13090.825554648181,-15046.154675920494,-13012.069710469501,-10977.840976850073,-15046.298444088929,2.0
-10612.800908608195,-12777.850869797821,-14942.900830987448,-13012.069710469501,-10977.840976850073,-15046.298444088929,3.0
-10026.500236751275,-12663.9926678749,-15301.485098998524,-13012.069710469501,-10977.840976850073,-15046.298444088929,4.0
