upper,effects,lower,ate,z_values
-15.353333827971738,-192.089966202586,-368.82659857720023,0.0,0.0
1346.3616436621978,735.672246319252,124.98284897630629,0.0,1.0
1260.7515194305938,404.15032316372805,-452.45087310313767,0.0,2.0
663.0884360162876,-273.707760240736,-1210.5039564977596,0.0,3.0
1374.9349182021213,515.6568995168143,-343.62111916849267,0.0,4.0
