upper,effects,lower,ate,z_values
1614.9315318754084,917.0406623331133,219.14979279081842,0.0,0.0
-60.349272523814875,-252.5857026824084,-444.8221328410019,0.0,1.0
