upper,effects,lower,ate,z_values
0.1778500514008135,-0.21367228793082454,-0.6051946272624626,0.0,0.0
0.16669217248669405,0.058852965570698274,-0.048986241345297485,0.0,1.0
