upper,effects,lower,ate,z_values
10576.075080862067,6606.197722294595,2636.3203637271235,0.0,8.0
6514.415323027546,3929.374145850852,1344.3329686741577,0.0,9.0
1638.681313317954,191.6723208997617,-1255.3366715184306,0.0,10.0
-3353.5739593839535,-7061.802295386155,-10770.030631388356,0.0,12.0
