upper,effects,lower,ate,z_values
33.30791827440039,-61.127001865760676,-155.56192200592176,0.0,0.0
731.7921170082982,425.6406955874576,119.48927416661701,0.0,1.0
162.70712274428132,-263.1937953964942,-689.0947135372696,0.0,2.0
203.42768865245944,-336.914804890411,-877.2572984332814,0.0,3.0
542.6831932518257,153.65902097271538,-235.36515130639498,0.0,4.0
