upper,effects,lower,ate,z_values
1324.0398301502764,-353.46206679291015,-2030.9639637360965,0.0,8.0
875.4591005590792,-246.82411605750625,-1369.1073326740916,0.0,9.0
508.6363324051224,-119.330602839593,-747.2975380843084,0.0,10.0
2207.28517529853,632.5001677156638,-942.2848398672024,0.0,12.0
