upper,effects,lower,ate,ate_upper,ate_lower,z_values
-9.824596018221397,-10.919471783522532,-12.014347548823666,-10.705799495591707,-9.787991308222336,-11.623607682961078,0.0
-9.739260080507016,-10.646946530021008,-11.554632979535,-10.705799495591707,-9.787991308222336,-11.623607682961078,1.0
