upper,effects,lower,ate,ate_upper,ate_lower,z_values
-6634.607664132521,-8445.827546370369,-10257.047428608217,-7232.65371997328,-5615.921863886085,-8849.385576060475,8.0
-6890.677581476344,-8570.162565219756,-10249.647548963168,-7232.65371997328,-5615.921863886085,-8849.385576060475,9.0
-6027.290105182215,-7602.334532320361,-9177.378959458507,-7232.65371997328,-5615.921863886085,-8849.385576060475,10.0
-1886.724147013375,-4658.023169839655,-7429.322192665934,-7232.65371997328,-5615.921863886085,-8849.385576060475,12.0
