upper,effects,lower,ate,z_values
100.24291573376729,-32.59947978382499,-165.44187530141727,0.0,0.0
941.5958472688621,490.63078741658876,39.665727564315375,0.0,1.0
166.02675638083156,-422.968563871847,-1011.9638841245255,0.0,2.0
122.41841127078715,-656.658780481182,-1435.7359722331512,0.0,3.0
600.4421360238468,43.93419526561041,-512.5737454926259,0.0,4.0
