upper,effects,lower,ate,ate_upper,ate_lower,z_values
-36462.16520486841,-39162.55044205097,-41862.935679233524,-39476.99745236774,-36938.67163012285,-42015.32327461262,1.0
-36415.53465277059,-38800.53421543831,-41185.53377810603,-39476.99745236774,-36938.67163012285,-42015.32327461262,2.0
-36750.53476606879,-39485.83907649163,-42221.143386914475,-39476.99745236774,-36938.67163012285,-42015.32327461262,3.0
-36775.519062297986,-40062.53288849534,-43349.5467146927,-39476.99745236774,-36938.67163012285,-42015.32327461262,4.0
