upper,effects,lower,ate,ate_upper,ate_lower,z_values
-17803.684550023954,-20224.696315328838,-22645.70808063372,-20681.57801142776,-18481.039221098126,-22882.11680175739,0.0
-18582.169910297736,-20807.419540993582,-23032.669171689427,-20681.57801142776,-18481.039221098126,-22882.11680175739,1.0
