upper,effects,lower,ate,z_values
961.1780861358941,-518.6568369108429,-1998.49175995758,0.0,1.0
564.6464441897067,-146.432589451634,-857.5116230929746,0.0,2.0
714.8227329220531,212.13642075833633,-290.5498914053804,0.0,3.0
1306.3115436683631,260.6221064299564,-785.0673308084504,0.0,4.0
