upper,effects,lower,ate,z_values
0.6201857288502775,0.38275385542422385,0.14532198199817026,0.0,0.0
-0.04001798836804939,-0.10542406106040773,-0.17083013375276607,0.0,1.0
