upper,effects,lower,ate,z_values
1.5943734521955548,-187.2143215558532,-376.02301656390193,0.0,0.0
1254.7686466045282,577.189679360921,-100.38928788268618,0.0,1.0
1206.587030735407,263.78674249125004,-679.013545752907,0.0,2.0
1201.849702531832,226.89556176313891,-748.0585790055543,0.0,3.0
1311.0118049168218,444.2758273712871,-422.46015017424764,0.0,4.0
