upper,effects,lower,ate,z_values
2569.9214171762014,1680.9209096551426,791.920402134084,0.0,0.0
-218.0858500867894,-462.9855645340798,-707.8852789813702,0.0,1.0
