upper,effects,lower,ate,ate_upper,ate_lower,z_values
-11062.154931643021,-16768.728691318152,-22475.302450993284,-20734.261392681623,-16311.650415652384,-25156.87236971086,1.0
-17933.916733560523,-23404.269790175695,-28874.622846790866,-20734.261392681623,-16311.650415652384,-25156.87236971086,2.0
