upper,effects,lower,ate,z_values
273.3632158042428,-1573.299528526626,-3419.962272857495,0.0,8.0
188.58303237461473,-1204.1604660028088,-2596.9039643802325,0.0,9.0
228.99908837817338,-622.0335209393073,-1473.066130256788,0.0,10.0
5727.29593565763,3101.5237007123374,475.75146576704446,0.0,12.0
