upper,effects,lower,ate,z_values
2128.213117080714,314.44701031676607,-1499.3190964471814,0.0,1.0
1574.758019296465,676.4632369294226,-221.83154543761975,0.0,2.0
546.226313829103,-8.841624123908389,-563.9095620769197,0.0,3.0
784.0048311233325,-585.5354361276147,-1955.075703378562,0.0,4.0
