upper,effects,lower,ate,z_values
172.700758426598,54.21744808239393,-64.26586226181011,0.0,0.0
457.928098603789,61.66148966819128,-334.60511926740645,0.0,1.0
463.4495868314262,-81.22633296668442,-625.9022527647951,0.0,2.0
-172.81073782771216,-884.683064193103,-1596.5553905584939,0.0,3.0
640.482760819497,122.15992167787246,-396.162917463752,0.0,4.0
