upper,effects,lower,ate,ate_upper,ate_lower,z_values
-5277.685098676052,-7678.256998161824,-10078.828897647596,-7732.474446244218,-5346.520932766012,-10118.427959722423,0.0
-5284.29319071373,-7670.812956576028,-10057.332722438327,-7732.474446244218,-5346.520932766012,-10118.427959722423,1.0
-5342.185325835642,-7813.700779210903,-10285.216232586165,-7732.474446244218,-5346.520932766012,-10118.427959722423,2.0
-6001.204139153083,-8617.157510437322,-11233.11088172156,-7732.474446244218,-5346.520932766012,-10118.427959722423,3.0
-5250.971413759339,-7610.314524566345,-9969.65763537335,-7732.474446244218,-5346.520932766012,-10118.427959722423,4.0
