upper,effects,lower,ate,ate_upper,ate_lower,z_values
8606.673860316738,2902.0317469264774,-2802.610366463783,-6023.10104243639,-1689.1181724370363,-10357.083912435744,8.0
6194.586206290853,1127.9208551237425,-3938.7444960433677,-6023.10104243639,-1689.1181724370363,-10357.083912435744,9.0
-1348.3859510379189,-5739.20384896493,-10130.021746891942,-6023.10104243639,-1689.1181724370363,-10357.083912435744,10.0
-11864.064255644655,-17431.002224219923,-22997.94019279519,-6023.10104243639,-1689.1181724370363,-10357.083912435744,12.0
