upper,effects,lower,ate,z_values
2163.5584386616365,-1609.0870613046511,-5381.732561270939,0.0,1.0
3622.7603012796676,1083.404408186375,-1455.9514849069178,0.0,2.0
