upper,effects,lower,ate,z_values
-1109.3652720805599,-4344.938547180269,-7580.511822279977,0.0,1.0
5104.0062276164645,2925.4637446998063,746.9212617831477,0.0,2.0
