upper,effects,lower,ate,z_values
1363.4863926792175,456.88169609892344,-449.72300048137066,0.0,0.0
123.86971756273255,-125.84152956582847,-375.5527766943895,0.0,1.0
