upper,effects,lower,ate,z_values
-53.93846188178614,-251.8966190570564,-449.8547762323267,0.0,0.0
1509.0683559930517,819.356809163908,129.6452623347643,0.0,1.0
1338.5036645736031,356.85253571435226,-624.7985931448986,0.0,2.0
1260.122746635356,205.4283610446244,-849.2660245461072,0.0,3.0
1532.0801797438166,584.7511541345266,-362.57787147476347,0.0,4.0
