upper,effects,lower,ate,z_values
1334.041393226079,-1981.6116572700298,-5297.264707766139,0.0,1.0
3565.4065503866505,1334.2266477914839,-896.953254803683,0.0,2.0
