upper,effects,lower,ate,ate_upper,ate_lower,z_values
-29471.649573631265,-31604.342227556866,-33737.03488148247,-31571.742747773045,-29441.466281184672,-33702.01921436142,0.0
-29001.153780369732,-31081.11196035647,-33161.0701403432,-31571.742747773045,-29441.466281184672,-33702.01921436142,1.0
-29782.301163790078,-31994.711311644918,-34207.12145949976,-31571.742747773045,-29441.466281184672,-33702.01921436142,2.0
-29876.486099962833,-32228.40152825424,-34580.31695654565,-31571.742747773045,-29441.466281184672,-33702.01921436142,3.0
-29432.637196400385,-31527.808552507435,-33622.979908614485,-31571.742747773045,-29441.466281184672,-33702.01921436142,4.0
