upper,effects,lower,ate,ate_upper,ate_lower,z_values
1825.668057507019,-1692.213572665265,-5210.095202837549,5662.065802776255,7892.50123554743,3431.6303700050794,1.0
12901.0526472686,10613.730279638683,8326.407912008766,5662.065802776255,7892.50123554743,3431.6303700050794,2.0
