upper,effects,lower,ate,ate_upper,ate_lower,z_values
3130.173847460318,-1422.534095724194,-5975.2420389087065,2922.4044514560724,6700.82366864755,-856.014765735405,1.0
10519.938162755101,5847.868196155881,1175.7982295566617,2922.4044514560724,6700.82366864755,-856.014765735405,2.0
