upper,effects,lower,ate,ate_upper,ate_lower,z_values
11506.72285608908,6494.7795850846105,1482.8363140801403,2922.4044514560724,6700.82366864755,-856.014765735405,8.0
10623.540520850387,6188.421747176822,1753.302973503255,2922.4044514560724,6700.82366864755,-856.014765735405,9.0
6687.284946423417,2838.56694028172,-1010.1510658599773,2922.4044514560724,6700.82366864755,-856.014765735405,10.0
3016.3549229839186,-1646.2647265337514,-6308.884376051421,2922.4044514560724,6700.82366864755,-856.014765735405,12.0
