upper,effects,lower,ate,z_values
8055.876438411668,3965.5327013634706,-124.81103568472645,0.0,1.0
84.03569772571063,-2670.0083974940744,-5424.0524927138595,0.0,2.0
