upper,effects,lower,ate,z_values
-10.800544564084106,-201.15601606315377,-391.51148756222346,0.0,0.0
1495.6943289621195,848.8750943953971,202.05585982867478,0.0,1.0
1110.934915882156,201.58640163492856,-707.7621126122988,0.0,2.0
626.7305722655739,-359.46135065274746,-1345.653273571069,0.0,3.0
1434.3387063375326,543.7085908521117,-346.9215246333092,0.0,4.0
