upper,effects,lower,ate,z_values
2163.5584386616365,-1609.087061304651,-5381.732561270938,0.0,1.0
3622.760301279668,1083.4044081863753,-1455.9514849069174,0.0,2.0
