upper,effects,lower,ate,ate_upper,ate_lower,z_values
6194.64390766265,2403.7476145452306,-1387.1486785721895,2922.4044514560724,6700.82366864755,-856.014765735405,1.0
6431.76260261801,2775.97186200444,-879.8188786091291,2922.4044514560724,6700.82366864755,-856.014765735405,2.0
7083.593097671721,3134.5408722144093,-814.5113532429023,2922.4044514560724,6700.82366864755,-856.014765735405,3.0
7265.5904232937355,3183.026557886027,-899.5373075216817,2922.4044514560724,6700.82366864755,-856.014765735405,4.0
