upper,effects,lower,ate,z_values
3349.142354227516,366.55753513355626,-2616.027283960404,0.0,8.0
2388.784316698846,397.87029592100953,-1593.0437248568269,0.0,9.0
1282.0914402081153,179.1586314027982,-923.774177402519,0.0,10.0
1840.7525341578628,-906.9323672571593,-3654.617268672181,0.0,12.0
