upper,effects,lower,ate,z_values
3945.2021105493573,2857.4386789317878,1769.6752473142183,0.0,0.0
-487.3610037035262,-787.040507627898,-1086.7200115522699,0.0,1.0
