upper,effects,lower,ate,z_values
1803.7661467804755,98.71409035192801,-1606.3379660766195,0.0,1.0
1216.1944649270972,378.5657270317533,-459.0630108635906,0.0,2.0
660.2596677700614,99.12363780515818,-462.012392159745,0.0,3.0
901.5136251979468,-373.84396470133106,-1649.201554600609,0.0,4.0
