upper,effects,lower,ate,z_values
2172.789906983155,386.69953466525,-1399.3908376526551,0.0,1.0
1595.5527614060838,709.3990473847737,-176.7546666365364,0.0,2.0
455.7377969396225,-95.03471399470914,-645.8072249290408,0.0,3.0
757.2076128482271,-570.8169471078019,-1898.8415070638307,0.0,4.0
