upper,effects,lower,ate,z_values
12450.57300370307,8925.13278936287,5399.69257502267,0.0,8.0
9547.126698659531,7151.0218975601365,4754.917096460742,0.0,9.0
1652.106142054019,283.89719347145797,-1084.3117551111031,0.0,10.0
-7973.269081945226,-11407.90118178353,-14842.533281621836,0.0,12.0
