upper,effects,lower,ate,z_values
-5228.129007433397,-7354.279375441518,-9480.429743449638,0.0,1.0
6382.946352430795,4951.664476862428,3520.3826012940617,0.0,2.0
