upper,effects,lower,ate,z_values
956.8905933035095,-443.13128498361914,-1843.1531632707479,0.0,0.0
507.6700609214811,122.05413356264887,-263.56179379618334,0.0,1.0
