upper,effects,lower,ate,z_values
1749.5174898813002,1224.0392135562197,698.5609372311392,0.0,0.0
-192.34550375107617,-337.14403496825145,-481.9425661854267,0.0,1.0
