upper,effects,lower,ate,ate_upper,ate_lower,z_values
1590.2402464704223,-750.8189462512564,-3091.878138972935,-813.1874490744776,1509.526910136276,-3135.9018082852313,0.0
1445.9260266872025,-866.8205651290009,-3179.5671569452043,-813.1874490744776,1509.526910136276,-3135.9018082852313,1.0
1670.7829764998278,-745.1994945577208,-3161.1819656152693,-813.1874490744776,1509.526910136276,-3135.9018082852313,2.0
1136.0875566553177,-1392.9858399330788,-3922.059236521475,-813.1874490744776,1509.526910136276,-3135.9018082852313,3.0
1351.8346860463912,-905.0660557970714,-3161.966797640534,-813.1874490744776,1509.526910136276,-3135.9018082852313,4.0
