upper,effects,lower,ate,ate_upper,ate_lower,z_values
1980.1305573008508,-719.8112973271554,-3419.7531519551617,2406.493731777594,4642.551693441334,170.43577011385423,1.0
3129.888025320402,841.4768788968895,-1446.934267526623,2406.493731777594,4642.551693441334,170.43577011385423,2.0
5516.605020690639,3343.3681177056214,1170.1312147206036,2406.493731777594,4642.551693441334,170.43577011385423,3.0
6962.593346001346,4679.853678308782,2397.114010616219,2406.493731777594,4642.551693441334,170.43577011385423,4.0
