upper,effects,lower,ate,z_values
1956.3727014413003,-1803.1840925720635,-5562.740886585427,0.0,1.0
3745.02846976181,1214.0907283833837,-1316.8470129950426,0.0,2.0
