upper,effects,lower,ate,ate_upper,ate_lower,z_values
-24821.31635880158,-28866.794324936123,-32912.272291070665,-29957.0961180119,-26029.194258309544,-33884.99797771426,0.0
-26261.593484391495,-30257.40411372172,-34253.21474305195,-29957.0961180119,-26029.194258309544,-33884.99797771426,1.0
