upper,effects,lower,ate,z_values
3862.2109901947206,2626.922138778238,1391.633287361756,0.0,0.0
-383.2658520362282,-723.5480211763576,-1063.830190316487,0.0,1.0
