upper,effects,lower,ate,ate_upper,ate_lower,z_values
-848.594162785068,-4418.085456632216,-7987.576750479364,2406.4937317775957,4642.551693441335,170.43577011385605,1.0
9309.86573376165,7001.50906786339,4693.15240196513,2406.4937317775957,4642.551693441335,170.43577011385605,2.0
