upper,effects,lower,ate,z_values
519.5646416580407,-548.0178834214698,-1615.6004085009804,0.0,0.0
444.98877110702284,150.94362753728092,-143.101516032461,0.0,1.0
