upper,effects,lower,ate,z_values
925.0276574230002,-943.0118993860697,-2811.0514561951395,0.0,1.0
1891.6805832082148,634.9334734965128,-621.8136362151893,0.0,2.0
