upper,effects,lower,ate,z_values
1540.8789881889265,808.4984599750994,76.11793176127242,0.0,0.0
-20.927315769108276,-222.68929177784122,-424.45126778657414,0.0,1.0
