upper,effects,lower,ate,ate_upper,ate_lower,z_values
-10881.475057951762,-14304.037379239926,-17726.59970052809,-13012.069710469501,-10977.840976850073,-15046.298444088929,1.0
-8911.096407800542,-12142.182971947772,-15373.269536095002,-13012.069710469501,-10977.840976850073,-15046.298444088929,2.0
