upper,effects,lower,ate,z_values
956.8905933035096,-443.1312849836191,-1843.1531632707477,0.0,0.0
507.6700609214811,122.0541335626489,-263.56179379618334,0.0,1.0
