upper,effects,lower,ate,z_values
12335.428849129177,8458.832828136827,4582.236807144476,0.0,8.0
9108.147975085092,6645.223386699023,4182.298798312953,0.0,9.0
958.7077173364012,-487.81535103198553,-1934.3384194003722,0.0,10.0
-5482.005673960161,-9164.793844958973,-12847.582015957785,0.0,12.0
