upper,effects,lower,ate,z_values
1749.5174898812998,1224.0392135562192,698.5609372311387,0.0,0.0
-192.34550375107605,-337.14403496825133,-481.9425661854266,0.0,1.0
