upper,effects,lower,ate,ate_upper,ate_lower,z_values
-0.586125249924603,-1.7257097994113941,-2.8652943488981855,0.43220810193849335,1.1690693147320217,-0.304653110855035,1.0
2.676304949834095,1.8851424887349144,1.0939800276357337,0.43220810193849335,1.1690693147320217,-0.304653110855035,2.0
