upper,effects,lower,ate,z_values
1540.8789881889265,808.4984599750992,76.11793176127196,0.0,0.0
-20.92731576910822,-222.68929177784116,-424.45126778657414,0.0,1.0
