upper,effects,lower,ate,z_values
519.5646416580412,-548.0178834214694,-1615.60040850098,0.0,0.0
444.98877110702284,150.94362753728092,-143.101516032461,0.0,1.0
