upper,effects,lower,ate,ate_upper,ate_lower,z_values
1401.844730831509,540.7718486985068,-320.30103343449537,891.9405432242056,1662.759987740531,121.12109870788015,1.0
1515.590876649192,771.9789013728096,28.366926096426937,891.9405432242056,1662.759987740531,121.12109870788015,2.0
1882.8690324180411,1001.3856842591376,119.90233610023427,891.9405432242056,1662.759987740531,121.12109870788015,3.0
2351.3911235237383,1113.968659294398,-123.45380493494213,891.9405432242056,1662.759987740531,121.12109870788015,4.0
