upper,effects,lower,ate,ate_upper,ate_lower,z_values
-6856.282224035081,-9305.773974770844,-11755.265725506608,-7732.474446244218,-5346.520932766012,-10118.427959722423,8.0
-6467.450497173619,-8936.634912247026,-11405.819327320432,-7732.474446244218,-5346.520932766012,-10118.427959722423,9.0
-5938.077713763629,-8354.507967183534,-10770.938220603439,-7732.474446244218,-5346.520932766012,-10118.427959722423,10.0
-609.1117581615122,-4630.950745531882,-8652.78973290225,-7732.474446244218,-5346.520932766012,-10118.427959722423,12.0
