upper,effects,lower,ate,z_values
1670.5365892693649,875.0095402906193,79.48249131187356,0.0,0.0
-21.817885479146184,-241.00881709242458,-460.199748705703,0.0,1.0
