upper,effects,lower,ate,z_values
-5880.311851575365,-8013.462395628229,-10146.612939681094,0.0,1.0
6831.7816084258475,5395.4949543446655,3959.2083002634836,0.0,2.0
