upper,effects,lower,ate,ate_upper,ate_lower,z_values
-5574.5014993860495,-7202.290592725774,-8830.0796860655,-7232.653719973279,-5615.921863886084,-8849.385576060475,0.0
-5538.8307546735905,-7143.503062770376,-8748.175370867162,-7232.653719973279,-5615.921863886084,-8849.385576060475,1.0
-5653.101333549596,-7320.054176010135,-8987.007018470673,-7232.653719973279,-5615.921863886084,-8849.385576060475,2.0
-6051.149591059676,-7829.519147070486,-9607.888703081297,-7232.653719973279,-5615.921863886084,-8849.385576060475,3.0
-5620.142662469926,-7180.22948499921,-8740.316307528496,-7232.653719973279,-5615.921863886084,-8849.385576060475,4.0
