upper,effects,lower,ate,z_values
1324.0398301502764,-353.4620667929104,-2030.963963736097,0.0,8.0
875.4591005590792,-246.82411605750616,-1369.1073326740916,0.0,9.0
508.6363324051225,-119.33060283959286,-747.2975380843083,0.0,10.0
2207.2851752985302,632.500167715664,-942.2848398672022,0.0,12.0
