upper,effects,lower,ate,ate_upper,ate_lower,z_values
4744.6027119962,2501.186519452667,257.7703269091344,2406.493731777594,4642.551693441334,170.43577011385423,0.0
4447.414341522055,2196.781950171797,-53.850441178462006,2406.493731777594,4642.551693441334,170.43577011385423,1.0
4800.725005802282,2450.450069443519,100.175133084756,2406.493731777594,4642.551693441334,170.43577011385423,2.0
4130.37612417665,1718.6043975316734,-693.1673291133025,2406.493731777594,4642.551693441334,170.43577011385423,3.0
4652.624144803694,2458.3669193788046,264.1096939539143,2406.493731777594,4642.551693441334,170.43577011385423,4.0
