upper,effects,lower,ate,z_values
96.82407430265864,4.381273736325666,-88.06152683000731,0.0,0.0
275.9757118027869,-33.58731813410969,-343.1503480710063,0.0,1.0
502.02824492692923,53.88317818914936,-394.2618885486305,0.0,2.0
492.47009505264987,22.55877743649519,-447.3525401796595,0.0,3.0
392.80616359322187,-23.63250858464783,-440.07118076251754,0.0,4.0
