upper,effects,lower,ate,z_values
-1109.365272080559,-4344.938547180268,-7580.511822279977,0.0,1.0
5104.006227616465,2925.4637446998067,746.9212617831481,0.0,2.0
