upper,effects,lower,ate,z_values
1416.5514434394288,160.5337842759077,-1095.4838748876134,0.0,1.0
1110.5610112441393,487.6065804476819,-135.34785034877547,0.0,2.0
416.4961035188922,16.437448811112404,-383.6212058966674,0.0,3.0
545.9028226082316,-394.2491167806551,-1334.4010561695418,0.0,4.0
