upper,effects,lower,ate,ate_upper,ate_lower,z_values
4744.602711996198,2501.1865194526654,257.77032690913256,2406.4937317775957,4642.551693441335,170.43577011385605,0.0
4447.414341522055,2196.781950171797,-53.850441178462006,2406.4937317775957,4642.551693441335,170.43577011385605,1.0
4800.725005802284,2450.45006944352,100.17513308475691,2406.4937317775957,4642.551693441335,170.43577011385605,2.0
4130.376124176646,1718.6043975316697,-693.1673291133061,2406.4937317775957,4642.551693441335,170.43577011385605,3.0
4652.624144803691,2458.366919378801,264.10969395391066,2406.4937317775957,4642.551693441335,170.43577011385605,4.0
