upper,effects,lower,ate,z_values
7465.912904987555,3668.5238484479605,-128.86520809163358,0.0,1.0
86.7653762379964,-2470.031209644859,-5026.8277955277135,0.0,2.0
