upper,effects,lower,ate,z_values
2466.2991069540785,1090.3017930757746,-285.6955208025295,0.0,0.0
78.69071043866069,-300.3079957098166,-679.306701858294,0.0,1.0
