upper,effects,lower,ate,z_values
-4027.9867567106467,-6414.891489620808,-8801.79622253097,0.0,1.0
5925.314075905939,4319.1710434228935,2713.028010939848,0.0,2.0
