upper,effects,lower,ate,z_values
1803.7661467804755,98.71409035192823,-1606.337966076619,0.0,1.0
1216.1944649270972,378.5657270317531,-459.0630108635909,0.0,2.0
660.2596677700615,99.12363780515824,-462.01239215974505,0.0,3.0
901.5136251979463,-373.84396470133146,-1649.2015546006094,0.0,4.0
