upper,effects,lower,ate,z_values
104.92831280487357,-54.81153585485247,-214.55138451457853,0.0,0.0
700.2863350641414,145.43622631954906,-409.4138824250433,0.0,1.0
805.5616057536496,40.363863431256746,-724.8338788911361,0.0,2.0
929.067402646451,115.40646130522876,-698.2544800359935,0.0,3.0
900.543508913484,167.40434145489004,-565.7348260037038,0.0,4.0
