upper,effects,lower,ate,z_values
40.13216413151305,-56.74572812943502,-153.6236203903831,0.0,0.0
709.28131845354,392.053377453348,74.82543645315599,0.0,1.0
229.11585612637182,-209.3106172073448,-647.7370905410614,0.0,2.0
215.25136592618014,-314.3560274539159,-843.9634208340119,0.0,3.0
547.2437857539774,130.02651238806757,-287.19076097784216,0.0,4.0
