upper,effects,lower,ate,z_values
143.70991373422612,-1213.1738263970865,-2570.057566528399,0.0,8.0
-378.39572736137495,-1337.5088452464797,-2296.6219631315844,0.0,9.0
233.17534192947852,-369.6808123470774,-972.5369666236334,0.0,10.0
4379.260710036074,2574.630550133632,770.0003902311903,0.0,12.0
