upper,effects,lower,ate,z_values
7694.298524685566,4265.005169871042,835.7118150565179,0.0,8.0
4667.2243976875125,2377.1924144813324,87.16043127515286,0.0,9.0
885.9728053408787,-374.07190675583547,-1634.1166188525497,0.0,10.0
-238.8331398553214,-3404.1121821582146,-6569.391224461107,0.0,12.0
