upper,effects,lower,ate,z_values
-766.5305714966057,-1979.9782426017912,-3193.4259137069766,0.0,1.0
-445.3787615592032,-994.3451197279644,-1543.3114778967256,0.0,2.0
1043.052925948336,636.6081906268023,230.1634553052686,0.0,3.0
2178.910445973357,1397.4836431042436,616.0568402351303,0.0,4.0
