upper,effects,lower,ate,ate_upper,ate_lower,z_values
2401.1974008741845,571.9679227326706,-1257.2615554088432,891.9405432242056,1662.759987740531,121.12109870788015,1.0
2706.3515511054675,1107.3793406939822,-491.59286971750294,891.9405432242056,1662.759987740531,121.12109870788015,2.0
