upper,effects,lower,ate,z_values
1334.0413932260794,-1981.6116572700294,-5297.264707766139,0.0,1.0
3565.4065503866505,1334.226647791484,-896.9532548036823,0.0,2.0
