upper,effects,lower,ate,ate_upper,ate_lower,z_values
5334.723090951741,3214.992191752691,1095.2612925536405,2406.493731777594,4642.551693441334,170.43577011385423,0.0
4520.732133783814,2183.804439999747,-153.1232537843198,2406.493731777594,4642.551693441334,170.43577011385423,1.0
