upper,effects,lower,ate,z_values
4091.484124504753,2870.7490426675804,1650.0139608304078,0.0,0.0
-454.42420645938483,-790.7066572738022,-1126.9891080882196,0.0,1.0
