upper,effects,lower,ate,z_values
3862.2109901947206,2626.9221387782386,1391.6332873617564,0.0,0.0
-383.26585203622795,-723.5480211763573,-1063.8301903164868,0.0,1.0
