upper,effects,lower,ate,z_values
162.36019018240796,59.80665285447041,-42.746884473467155,0.0,0.0
272.9892034020078,-83.68456284465589,-440.35832909131955,0.0,1.0
563.3783448149679,47.29778744937579,-468.7827699162163,0.0,2.0
100.70407979567369,-479.13612128536033,-1058.9763223663945,0.0,3.0
377.8815359402664,-69.09425461771227,-516.0700451756909,0.0,4.0
