upper,effects,lower,ate,z_values
-3623.5402870573157,-6039.89203684467,-8456.243786632023,0.0,1.0
5692.4020713618165,4066.6824637274913,2440.962856093166,0.0,2.0
