upper,effects,lower,ate,z_values
27.355982228765612,-138.63308505582998,-304.6221523404256,0.0,0.0
1140.5950153193662,547.7588106760543,-45.07739396725765,0.0,1.0
1059.195997018769,258.1912162499576,-542.8135645188537,0.0,2.0
466.16441218376974,-357.4038380296057,-1180.972088242981,0.0,3.0
1289.3830779023288,521.212031105589,-246.95901569115085,0.0,4.0
