upper,effects,lower,ate,ate_upper,ate_lower,z_values
-24801.48168322396,-29353.786478806367,-33906.091274388775,-27550.60238623431,-24070.39246099242,-31030.8123114762,1.0
-21582.168130722665,-26336.511657850926,-31090.855184979187,-27550.60238623431,-24070.39246099242,-31030.8123114762,2.0
