upper,effects,lower,ate,ate_upper,ate_lower,z_values
1.9418585260386196,0.550798571837319,-0.8402613823639817,-1.1612701919913924,-0.16609218586296082,-2.156448198119824,8.0
1.2665192277678645,0.09866499114462668,-1.0691892454786112,-1.1612701919913924,-0.16609218586296082,-2.156448198119824,9.0
-0.045967131491065905,-1.0773809873820697,-2.108794843273073,-1.1612701919913924,-0.16609218586296082,-2.156448198119824,10.0
-2.0386594272611522,-3.29828185294929,-4.557904278637428,-1.1612701919913924,-0.16609218586296082,-2.156448198119824,12.0
