upper,effects,lower,ate,z_values
148.90388116654728,48.58123650002324,-51.741408166500804,0.0,0.0
331.3199501214143,-29.430868684866766,-390.18168749114784,0.0,1.0
520.7123510731981,-5.5955262412924185,-531.9034035557829,0.0,2.0
-10.628929868073442,-584.2993997927447,-1157.9698697174158,0.0,3.0
517.7554261037168,76.93620373430187,-363.883018635113,0.0,4.0
