upper,effects,lower,ate,ate_upper,ate_lower,z_values
9.544688746845887,8.085740737310928,6.626792727775969,10.041651231693642,11.06392790674573,9.019374556641553,1.0
12.754659040709988,11.358573264949417,9.962487489188845,10.041651231693642,11.06392790674573,9.019374556641553,2.0
