upper,effects,lower,ate,z_values
201.0299903174647,94.6927876750751,-11.644414967314503,0.0,0.0
144.73148466821488,-209.711781605792,-564.1550478797989,0.0,1.0
570.3647095756525,43.95633766592641,-482.45203424379963,0.0,2.0
-46.62140841234873,-687.889334245922,-1329.1572600794952,0.0,3.0
529.455225110459,51.873187601208315,-425.70884990804234,0.0,4.0
