upper,effects,lower,ate,z_values
1737.1695984010066,945.3565662632695,153.54353412553257,0.0,0.0
-42.2295815328695,-260.38488725957785,-478.54019298628623,0.0,1.0
