upper,effects,lower,ate,ate_upper,ate_lower,z_values
-17803.684550023958,-20224.69631532884,-22645.708080633725,-20681.57801142776,-18481.039221098126,-22882.11680175739,0.0
-18582.16991029774,-20807.419540993586,-23032.66917168943,-20681.57801142776,-18481.039221098126,-22882.11680175739,1.0
