upper,effects,lower,ate,z_values
-1789.178402069318,-3000.430856421157,-4211.683310772996,0.0,1.0
-901.9506210130484,-1444.9195799189843,-1987.88853882492,0.0,2.0
1190.3994910618228,787.5753018053874,384.751112548952,0.0,3.0
3054.495322856901,2265.4872150698443,1476.4791072827873,0.0,4.0
