upper,effects,lower,ate,ate_upper,ate_lower,z_values
-29163.39119052705,-33949.3131882172,-38735.23518590735,-38663.810003293256,-35546.59491656066,-41781.025090025854,1.0
-37304.0929298113,-41838.09884996482,-46372.10477011835,-38663.810003293256,-35546.59491656066,-41781.025090025854,2.0
