upper,effects,lower,ate,ate_upper,ate_lower,z_values
-9.032981021458252,-10.104509826159816,-11.176038630861381,-10.273591393653215,-9.366684672765617,-11.180498114540812,0.0
-9.42946671367363,-10.320162489142925,-11.21085826461222,-10.273591393653215,-9.366684672765617,-11.180498114540812,1.0
