upper,effects,lower,ate,z_values
-0.002301503667927196,-0.38867596475016564,-0.775050425832404,0.0,1.0
0.521844419431221,0.26169701613754304,0.0015496128438651224,0.0,2.0
