upper,effects,lower,ate,ate_upper,ate_lower,z_values
-24042.06117495954,-26233.310821745898,-28424.560468532254,-27914.23173140104,-25946.02636551985,-29882.43709728223,0.0
-26399.249248748554,-28377.217295935126,-30355.1853431217,-27914.23173140104,-25946.02636551985,-29882.43709728223,1.0
