upper,effects,lower,ate,z_values
1.5943734521955548,-187.2143215558532,-376.02301656390193,0.0,0.0
1254.7686466045284,577.1896793609211,-100.38928788268606,0.0,1.0
1206.5870307354066,263.7867424912497,-679.0135457529072,0.0,2.0
1201.8497025318322,226.89556176313909,-748.0585790055541,0.0,3.0
1311.0118049168216,444.2758273712869,-422.4601501742479,0.0,4.0
