upper,effects,lower,ate,ate_upper,ate_lower,z_values
0.4199169407796477,-0.49506450355400533,-1.4100459478876584,0.43220810193849335,1.1690693147320217,-0.304653110855035,1.0
0.8523320091472787,0.06827134502584675,-0.7157893190955852,0.43220810193849335,1.1690693147320217,-0.304653110855035,2.0
1.435598891232456,0.7140142740905198,-0.007570343051416573,0.43220810193849335,1.1690693147320217,-0.304653110855035,3.0
1.7663388931495911,1.050333047810308,0.33432720247102465,0.43220810193849335,1.1690693147320217,-0.304653110855035,4.0
