upper,effects,lower,ate,z_values
-3623.5402870573175,-6039.892036844672,-8456.243786632025,0.0,1.0
5692.402071361817,4066.682463727492,2440.962856093167,0.0,2.0
