upper,effects,lower,ate,z_values
1625.4529553983193,909.378345124162,193.30373485000462,0.0,0.0
-53.25038068053442,-250.47521050091865,-447.7000403213029,0.0,1.0
