upper,effects,lower,ate,z_values
3039.638768560251,1681.565572514969,323.4923764696873,0.0,0.0
-89.10136856929626,-463.16313391677966,-837.2248992642631,0.0,1.0
