upper,effects,lower,ate,z_values
100.24291573376726,-32.599479783825046,-165.44187530141735,0.0,0.0
941.5958472688621,490.63078741658876,39.665727564315375,0.0,1.0
166.0267563808316,-422.9685638718469,-1011.9638841245255,0.0,2.0
122.41841127078703,-656.6587804811822,-1435.7359722331516,0.0,3.0
600.4421360238466,43.9341952656103,-512.5737454926261,0.0,4.0
