upper,effects,lower,ate,z_values
7694.298524685566,4265.005169871042,835.7118150565179,0.0,8.0
4667.2243976875125,2377.1924144813324,87.16043127515286,0.0,9.0
885.9728053408785,-374.0719067558357,-1634.11661885255,0.0,10.0
-238.8331398553214,-3404.112182158214,-6569.391224461107,0.0,12.0
