upper,effects,lower,ate,z_values
519.564641658041,-548.0178834214698,-1615.6004085009806,0.0,0.0
444.988771107023,150.9436275372811,-143.10151603246084,0.0,1.0
