upper,effects,lower,ate,z_values
8393.766145320757,4430.804975540019,467.84380575928117,0.0,1.0
-315.0011324127004,-2983.278055541116,-5651.554978669532,0.0,2.0
