upper,effects,lower,ate,z_values
1363.4863926792177,456.8816960989236,-449.7230004813704,0.0,0.0
123.86971756273248,-125.84152956582851,-375.5527766943895,0.0,1.0
