upper,effects,lower,ate,z_values
10576.075080862067,6606.197722294595,2636.3203637271235,0.0,8.0
6514.415323027546,3929.3741458508516,1344.3329686741572,0.0,9.0
1638.6813133179544,191.67232089976176,-1255.3366715184306,0.0,10.0
-3353.573959383954,-7061.802295386155,-10770.030631388356,0.0,12.0
