upper,effects,lower,ate,z_values
1324.039830150276,-353.4620667929104,-2030.963963736097,0.0,8.0
875.4591005590792,-246.8241160575062,-1369.1073326740916,0.0,9.0
508.6363324051224,-119.33060283959301,-747.2975380843084,0.0,10.0
2207.28517529853,632.5001677156638,-942.2848398672024,0.0,12.0
