upper,effects,lower,ate,z_values
6610.752313379857,3572.375133628537,533.9979538772163,0.0,8.0
5337.229664552458,3266.017295720747,1194.8049268890354,0.0,9.0
1065.2211859841846,-83.83751117435435,-1232.8962083328934,0.0,10.0
-1765.1874440841489,-4568.669177989825,-7372.1509118955,0.0,12.0
