upper,effects,lower,ate,ate_upper,ate_lower,z_values
-6965.992900587846,-9712.45268884601,-12458.912477104173,-7732.474446244218,-5346.520932766012,-10118.427959722423,1.0
-6295.7704451608415,-8726.819565972182,-11157.868686783524,-7732.474446244218,-5346.520932766012,-10118.427959722423,2.0
-4692.922443278521,-7095.866255617415,-9498.810067956309,-7732.474446244218,-5346.520932766012,-10118.427959722423,3.0
-3809.0238874768006,-6334.9908031399755,-8860.95771880315,-7732.474446244218,-5346.520932766012,-10118.427959722423,4.0
