upper,effects,lower,ate,z_values
1.690627531503723,1.2138408839280548,0.7370542363523865,0.0,1.0
0.7865114428787927,0.5661905811128571,0.34586971934692157,0.0,2.0
-0.24834870227328493,-0.4048413323382696,-0.5613339624032543,0.0,3.0
-0.5055238838446303,-0.8193548662577894,-1.1331858486709485,0.0,4.0
