upper,effects,lower,ate,z_values
3293.694403050698,1995.7395023769611,697.7846017032243,0.0,0.0
-192.1947965157304,-549.6978401813776,-907.2008838470249,0.0,1.0
