upper,effects,lower,ate,z_values
118.64972318378204,-75.44807985044562,-269.5458828846733,0.0,0.0
1264.770577079084,613.200312740146,-38.369951598792,0.0,1.0
437.3656920441156,-457.72959171320565,-1352.8248754705269,0.0,2.0
481.50917682939684,-493.9443241505558,-1469.3978251305084,0.0,3.0
990.5742308760236,114.24380205103787,-762.086626773948,0.0,4.0
