upper,effects,lower,ate,z_values
781.7800523388628,-706.8348084676747,-2195.4496692742123,0.0,1.0
674.1113379983767,-78.75584417867765,-831.623026355732,0.0,2.0
694.5416627650345,234.21884067168338,-226.10398142166775,0.0,3.0
1471.818412067771,348.0770425945925,-775.664326878586,0.0,4.0
