upper,effects,lower,ate,ate_upper,ate_lower,z_values
-35343.493090366406,-38785.023757288436,-42226.554424210466,-44583.81245824255,-42822.82326134674,-46344.80165513836,8.0
-39145.879587098134,-41801.6719879414,-44457.46438878467,-44583.81245824255,-42822.82326134674,-46344.80165513836,9.0
-42748.978164271444,-44688.9390210878,-46628.89987790415,-44583.81245824255,-42822.82326134674,-46344.80165513836,10.0
-45811.057428465654,-49576.81031329377,-53342.56319812188,-44583.81245824255,-42822.82326134674,-46344.80165513836,12.0
