upper,effects,lower,ate,z_values
6687.184347119127,4311.859523820612,1936.5347005220965,0.0,8.0
4045.2402165643202,2476.8044740123396,908.368731460359,0.0,9.0
606.7474855153174,-294.91162606906016,-1196.5707376534378,0.0,10.0
-1313.0377905991131,-3680.8683608814954,-6048.698931163877,0.0,12.0
