upper,effects,lower,ate,z_values
1670.5365892693653,875.0095402906195,79.48249131187379,0.0,0.0
-21.817885479146355,-241.00881709242475,-460.19974870570314,0.0,1.0
