upper,effects,lower,ate,ate_upper,ate_lower,z_values
11.128755137831003,10.099891756427501,9.071028375024,10.041651231693642,11.06392790674573,9.019374556641553,0.0
10.940873815511663,9.859425486064403,8.777977156617142,10.041651231693642,11.06392790674573,9.019374556641553,1.0
10.96544463912644,9.938116430555066,8.910788221983692,10.041651231693642,11.06392790674573,9.019374556641553,2.0
10.950130699998136,9.90487083739597,8.859610974793805,10.041651231693642,11.06392790674573,9.019374556641553,3.0
11.081369540919695,9.997377605239075,8.913385669558455,10.041651231693642,11.06392790674573,9.019374556641553,4.0
