upper,effects,lower,ate,z_values
0.012333517581421809,-0.04287750148349475,-0.0980885205484113,0.0,0.0
0.3228799300187589,0.1266701109358324,-0.06953970814709412,0.0,1.0
0.3923370405044818,0.10385305538535125,-0.1846309297337793,0.0,2.0
0.37815941850812385,0.10902655779091053,-0.1601063029263028,0.0,3.0
0.2840539723765681,0.026466405931294658,-0.23112116051397877,0.0,4.0
