upper,effects,lower,ate,ate_upper,ate_lower,z_values
6577.652126081497,2783.771366400242,-1010.1093932810122,2922.4044514560724,6700.82366864755,-856.014765735405,0.0
7316.593961897532,3470.1632621321287,-376.2674376332743,2922.4044514560724,6700.82366864755,-856.014765735405,1.0
7012.1764996690645,3180.59566770603,-650.9851642570047,2922.4044514560724,6700.82366864755,-856.014765735405,2.0
6402.58040404617,2565.0006134264677,-1272.579177193235,2922.4044514560724,6700.82366864755,-856.014765735405,3.0
7389.257726575414,3443.616482561663,-502.02476145208857,2922.4044514560724,6700.82366864755,-856.014765735405,4.0
