upper,effects,lower,ate,z_values
0.14375592424930764,0.02285028252879232,-0.09805535919172301,0.0,0.0
0.027007940469871507,-0.006293783370720587,-0.03959550721131268,0.0,1.0
