upper,effects,lower,ate,z_values
-1110.4169897076465,-2976.230303490521,-4842.043617273395,0.0,8.0
-1171.271069564065,-2537.5386490932815,-3903.8062286224977,0.0,9.0
277.8393079525598,-579.4775177614953,-1436.7943434755502,0.0,10.0
7535.55271014534,4926.482804965229,2317.4128997851176,0.0,12.0
