upper,effects,lower,ate,z_values
1726.5235863689786,473.90937734949466,-778.7048316699893,0.0,0.0
214.48993603580095,-130.53156911975947,-475.5530742753199,0.0,1.0
