upper,effects,lower,ate,z_values
1649.6574011770704,599.9678843868422,-449.7216324033858,0.0,0.0
123.86933537338115,-165.25257357563964,-454.37448252466044,0.0,1.0
