upper,effects,lower,ate,z_values
2390.433463084701,1773.6126080525428,1156.7917530203845,0.0,0.0
-318.5603617001582,-488.5161621924931,-658.471962684828,0.0,1.0
