upper,effects,lower,ate,z_values
5373.995967954217,3410.3168737817746,1446.6377796093316,0.0,1.0
2811.983713408732,1864.0478295868709,916.1119457650095,0.0,2.0
-161.6622400180231,-812.0882121994946,-1462.514184380966,0.0,3.0
-1343.636963425986,-2774.7773180902545,-4205.917672754523,0.0,4.0
