upper,effects,lower,ate,z_values
1876.552329386329,-1291.967668770421,-4460.487666927171,0.0,1.0
3003.2633794641424,869.8867385217284,-1263.4899024206854,0.0,2.0
