upper,effects,lower,ate,z_values
425.8726587786423,-2241.039269405363,-4907.951197589368,0.0,1.0
3303.902261329151,1508.900279836372,-286.10170165640716,0.0,2.0
