upper,effects,lower,ate,z_values
2569.9214171762014,1680.920909655143,791.9204021340846,0.0,0.0
-218.08585008678952,-462.9855645340799,-707.8852789813703,0.0,1.0
