upper,effects,lower,ate,z_values
0.058362948504484966,0.0013156359650191886,-0.055731676574446595,0.0,0.0
0.13268170570633572,-0.06699789837138978,-0.26667750244911526,0.0,1.0
0.3146854577597436,0.04005407661786843,-0.23457730452400677,0.0,2.0
0.49136220374579603,0.21652995520371537,-0.058302293338365285,0.0,3.0
0.1641392499847128,-0.09102010984987913,-0.34617946968447105,0.0,4.0
