upper,effects,lower,ate,z_values
29.00528188391839,3.1009899870246898,-22.80330190986901,0.0,0.0
6.280847699304885,-0.8541178304177635,-7.989083360140412,0.0,1.0
