upper,effects,lower,ate,z_values
16.730554958992553,-1.231693580329022,-19.193942119650597,0.0,1.0
12.923361550671876,0.8293110844014535,-11.264739381868969,0.0,2.0
