upper,effects,lower,ate,z_values
10.268390650616617,-16.398541325580105,-43.06547330177683,0.0,1.0
29.239193162322653,11.133749864370952,-6.97169343358075,0.0,2.0
