upper,effects,lower,ate,ate_upper,ate_lower,z_values
146.43505356612712,21.776272153698315,-102.8825092587305,23.514528384240514,152.21953792516015,-105.19048115667911,1.0
147.1865529245592,20.89302625381241,-105.40050041693439,23.514528384240514,152.21953792516015,-105.19048115667911,2.0
149.75659237554157,19.19879896825968,-111.35899443902223,23.514528384240514,152.21953792516015,-105.19048115667911,3.0
172.6641615172955,30.906739153220485,-110.85068321085453,23.514528384240514,152.21953792516015,-105.19048115667911,4.0
