upper,effects,lower,ate,ate_upper,ate_lower,z_values
50.32616212815239,-17.324227442318477,-84.97461701278934,-16.556477146855126,52.292091103350586,-85.40504539706085,0.0
52.9576957974431,-14.272884690845196,-81.50346517913349,-16.556477146855126,52.292091103350586,-85.40504539706085,1.0
51.947904169827645,-12.47749747420901,-76.90289911824567,-16.556477146855126,52.292091103350586,-85.40504539706085,2.0
63.903452959513814,-16.64932330110115,-97.20209956171611,-16.556477146855126,52.292091103350586,-85.40504539706085,3.0
51.45278720372583,-15.355057357432855,-82.16290191859154,-16.556477146855126,52.292091103350586,-85.40504539706085,4.0
