upper,effects,lower,ate,z_values
56.4020723653045,11.586886417207268,-33.22829953088996,0.0,8.0
30.55460202578736,4.291948489862918,-21.970705046061525,0.0,9.0
15.426165980745225,2.30654684088851,-10.813072298968205,0.0,10.0
47.58195159815778,-13.769879666661922,-75.12171093148163,0.0,12.0
