upper,effects,lower,ate,ate_upper,ate_lower,z_values
63.64358158443902,-4.969590729647791,-73.5827630437346,-16.556477146855094,52.29209110335062,-85.4050453970608,8.0
43.748804659959816,-12.264528656992184,-68.27786197394418,-16.556477146855094,52.29209110335062,-85.4050453970608,9.0
44.62497803637792,-14.249930305966544,-73.124838648311,-16.556477146855094,52.29209110335062,-85.4050453970608,10.0
80.7575504564135,-30.326356813517066,-141.41026408344763,-16.556477146855094,52.29209110335062,-85.4050453970608,12.0
