upper,effects,lower,ate,z_values
17.35515821517268,0.11641275071254142,-17.122332713747596,0.0,1.0
11.520281463714856,-0.07839277585909343,-11.677067015433042,0.0,2.0
