upper,effects,lower,ate,ate_upper,ate_lower,z_values
100.16874606170427,13.079756171079453,-74.00923371954536,14.509934513998605,92.50068716874564,-63.48081814074844,8.0
87.02876668452278,18.367129031922204,-50.29450862067837,14.509934513998605,92.50068716874564,-63.48081814074844,9.0
82.35986268675956,14.356390108056836,-53.64708247064589,14.509934513998605,92.50068716874564,-63.48081814074844,10.0
125.67469787033991,11.61954911204461,-102.4355996462507,14.509934513998605,92.50068716874564,-63.48081814074844,12.0
