upper,effects,lower,ate,ate_upper,ate_lower,z_values
72.83401913864964,2.51851983209864,-67.79697947445234,-2.0465426328564753,70.5583239220363,-74.65140918774924,1.0
71.99110058913888,3.574225057463879,-64.84265047421113,-2.0465426328564753,70.5583239220363,-74.65140918774924,2.0
69.56408939205251,-2.078030448283158,-73.72015028861883,-2.0465426328564753,70.5583239220363,-74.65140918774924,3.0
75.03442554601787,-8.459941001043177,-91.95430754810423,-2.0465426328564753,70.5583239220363,-74.65140918774924,4.0
