upper,effects,lower,ate,z_values
58.10057484962699,10.15670807428819,-37.78715870105061,0.0,8.0
33.964363212794254,8.149143007786478,-17.666077197221295,0.0,9.0
15.676399507134114,2.153002434946748,-11.370394637240619,0.0,10.0
43.75131062975946,-16.660265068615985,-77.07184076699143,0.0,12.0
