upper,effects,lower,ate,z_values
1.5584056404653919,-0.7677502954633635,-3.093906231392119,0.0,0.0
9.839951254590869,2.283592456009945,-5.272766342570979,0.0,1.0
20.703039079693944,4.078979672646149,-12.545079734401646,0.0,2.0
19.721365240383268,-0.09284615424607523,-19.907057548875418,0.0,3.0
14.025873983779451,1.2014197894222853,-11.62303440493488,0.0,4.0
