upper,effects,lower,ate,ate_upper,ate_lower,z_values
52.06512969906868,-12.524595125003259,-77.1143199490752,-16.556477146855126,52.292091103350586,-85.40504539706085,0.0
51.31212284658868,-17.667010049968013,-86.6461429465247,-16.556477146855126,52.292091103350586,-85.40504539706085,1.0
