upper,effects,lower,ate,ate_upper,ate_lower,z_values
78.61423544449133,5.086329376020103,-68.44157669245112,-2.0465426328564895,70.55832392203628,-74.65140918774925,0.0
69.9518817109425,-4.011193366387161,-77.97426844371682,-2.0465426328564895,70.55832392203628,-74.65140918774925,1.0
