upper,effects,lower,ate,z_values
60.37994457287436,18.38872014143758,-23.602504289999196,0.0,1.0
43.65822865361285,17.086296363207996,-9.485635927196856,0.0,2.0
18.945003186733462,3.2793927059108934,-12.386217774911676,0.0,3.0
10.205289721301916,-27.628665716797656,-65.46262115489722,0.0,4.0
