upper,effects,lower,ate,ate_upper,ate_lower,z_values
96.91245283103498,17.610924501023362,-61.69060382898826,14.509934513998651,92.50068716874569,-63.48081814074839,0.0
91.2408274770251,13.655816683580873,-63.92919410986335,14.509934513998651,92.50068716874569,-63.48081814074839,1.0
