upper,effects,lower,ate,z_values
36.27211537720741,13.378750894338086,-9.514613588531244,0.0,1.0
6.460614641503627,-9.083468192765302,-24.62755102703423,0.0,2.0
