upper,effects,lower,ate,ate_upper,ate_lower,z_values
80.4026344107284,-3.161823462472924,-86.72628133567424,-2.0465426328564895,70.55832392203628,-74.65140918774925,1.0
67.28743733992275,-1.2956243243141063,-69.87868598855096,-2.0465426328564895,70.55832392203628,-74.65140918774925,2.0
