upper,effects,lower,ate,ate_upper,ate_lower,z_values
60.20509493579661,-16.440064396142574,-93.08522372808176,-16.556477146855126,52.292091103350586,-85.40504539706085,1.0
45.60009517425169,-16.634869922714245,-78.86983501968018,-16.556477146855126,52.292091103350586,-85.40504539706085,2.0
