upper,effects,lower,ate,z_values
21.11780215275374,4.5650624649550835,-11.987677222843573,0.0,1.0
19.16788575902291,5.620767690320385,-7.926350378382141,0.0,2.0
5.11338922333983,-0.03148781542665979,-5.1763648541931495,0.0,3.0
12.191691187812904,-6.4133983681866695,-25.018487924186243,0.0,4.0
