upper,effects,lower,ate,ate_upper,ate_lower,z_values
91.68563372709383,16.964270671326197,-57.75709238444143,14.509934513998651,92.50068716874569,-63.48081814074839,1.0
89.54246760093866,16.134150241639666,-57.27416711765934,14.509934513998651,92.50068716874569,-63.48081814074839,2.0
91.70382675136399,15.109362754343689,-61.485101242676606,14.509934513998651,92.50068716874569,-63.48081814074839,3.0
99.15244521245774,11.163023681384395,-76.82639784968896,14.509934513998651,92.50068716874569,-63.48081814074839,4.0
