upper,effects,lower,ate,z_values
20.147012905023853,-4.790251290399645,-29.727515485823144,0.0,0.0
8.249101688991882,1.3291024890887098,-5.590896710814463,0.0,1.0
