upper,effects,lower,ate,ate_upper,ate_lower,z_values
91.68563372709376,16.964270671326137,-57.75709238444149,14.509934513998605,92.50068716874564,-63.48081814074844,1.0
89.54246760093864,16.134150241639627,-57.274167117659374,14.509934513998605,92.50068716874564,-63.48081814074844,2.0
91.70382675136395,15.109362754343643,-61.485101242676656,14.509934513998605,92.50068716874564,-63.48081814074844,3.0
99.15244521245772,11.163023681384374,-76.82639784968897,14.509934513998605,92.50068716874564,-63.48081814074844,4.0
