upper,effects,lower,ate,z_values
20.21008855549223,2.4543361573275497,-15.301416240837131,0.0,1.0
15.601763763351633,1.624215727641026,-12.35333230806958,0.0,2.0
6.137414907493805,0.5994282403450306,-4.938558426803744,0.0,3.0
16.73193062985626,-3.346910832614249,-23.42575229508476,0.0,4.0
