upper,effects,lower,ate,ate_upper,ate_lower,z_values
69.94875278710954,-2.261549650524614,-74.47185208815877,-2.0465426328564753,70.5583239220363,-74.65140918774924,0.0
75.19648560401752,1.1789910610086043,-72.83850348200032,-2.0465426328564753,70.5583239220363,-74.65140918774924,1.0
70.37194022071893,1.839398805953401,-66.69314260881211,-2.0465426328564753,70.5583239220363,-74.65140918774924,2.0
80.05925782006179,-6.524629670081872,-93.10851716022555,-2.0465426328564753,70.5583239220363,-74.65140918774924,3.0
60.888814585330955,-5.96163304243499,-72.81208067020094,-2.0465426328564753,70.5583239220363,-74.65140918774924,4.0
