upper,effects,lower,ate,z_values
16.73055495899257,-1.2316935803290008,-19.193942119650572,0.0,1.0
12.92336155067188,0.8293110844014571,-11.264739381868965,0.0,2.0
