upper,effects,lower,ate,ate_upper,ate_lower,z_values
151.75622501677327,18.724277093840808,-114.30767082909165,23.514528384240514,152.21953792516015,-105.19048115667911,0.0
153.0028806950316,24.843630873329225,-103.31561894837313,23.514528384240514,152.21953792516015,-105.19048115667911,1.0
