upper,effects,lower,ate,z_values
17.35515821517267,0.11641275071253432,-17.1223327137476,0.0,1.0
11.520281463714847,-0.07839277585910054,-11.677067015433048,0.0,2.0
