upper,effects,lower,ate,z_values
3.1115937537929614,0.5527432777952082,-2.006107198202545,0.0,0.0
9.75708513680616,0.9419412378551435,-7.873202661095872,0.0,1.0
18.35013515319218,-0.19303823383623397,-18.736211620864648,0.0,2.0
16.332153182583674,-4.385240882979353,-25.10263494854238,0.0,3.0
10.483211611093143,-5.116510199000747,-20.716232009094636,0.0,4.0
