upper,effects,lower,ate,z_values
21.730450727417452,-3.0197904312420185,-27.77003158990149,0.0,1.0
18.855033717744615,2.0502816716056493,-14.754470374533316,0.0,2.0
