upper,effects,lower,ate,z_values
27.301445424396906,4.031882021851914,-19.23768138069308,0.0,0.0
5.293208806468707,-1.1105329031128832,-7.514274612694473,0.0,1.0
