upper,effects,lower,ate,z_values
41.372226839318756,10.668674175779167,-20.03487848776042,0.0,0.0
5.558879305675225,-2.960127292884554,-11.479133891444333,0.0,1.0
