upper,effects,lower,ate,ate_upper,ate_lower,z_values
88.78146711442156,8.110165441431775,-72.56113623155801,-2.0465426328564753,70.5583239220363,-74.65140918774924,8.0
69.97036390355014,6.102600374929992,-57.76516315369015,-2.0465426328564753,70.5583239220363,-74.65140918774924,9.0
63.539563814528805,0.10645980209026717,-63.32664421034828,-2.0465426328564753,70.5583239220363,-74.65140918774924,10.0
93.28201314334815,-18.706807701472542,-130.69562854629322,-2.0465426328564753,70.5583239220363,-74.65140918774924,12.0
