upper,effects,lower,ate,ate_upper,ate_lower,z_values
69.94875278710953,-2.261549650524614,-74.47185208815876,-2.0465426328564895,70.55832392203628,-74.65140918774925,0.0
75.19648560401755,1.1789910610086274,-72.83850348200029,-2.0465426328564895,70.55832392203628,-74.65140918774925,1.0
70.37194022071894,1.8393988059534365,-66.69314260881207,-2.0465426328564895,70.55832392203628,-74.65140918774925,2.0
80.05925782006182,-6.5246296700818505,-93.10851716022552,-2.0465426328564895,70.55832392203628,-74.65140918774925,3.0
60.888814585331005,-5.96163304243494,-72.81208067020088,-2.0465426328564895,70.55832392203628,-74.65140918774925,4.0
