upper,effects,lower,ate,ate_upper,ate_lower,z_values
50.30109197788164,-14.445750839227557,-79.19259365633675,-16.556477146855126,52.292091103350586,-85.40504539706085,1.0
49.16411681926883,-12.559925184175787,-74.2839671876204,-16.556477146855126,52.292091103350586,-85.40504539706085,2.0
51.02674158633309,-17.187393202626847,-85.40152799158679,-16.556477146855126,52.292091103350586,-85.40504539706085,3.0
58.521020368912666,-19.622964682427572,-97.7669497337678,-16.556477146855126,52.292091103350586,-85.40504539706085,4.0
