upper,effects,lower,ate,z_values
17.711665302138545,2.1107263076275338,-13.490212686883478,0.0,1.0
17.417227992984607,3.9965519626793586,-9.42412406762589,0.0,2.0
3.7274955628765163,-0.6309160557716904,-4.989327674419897,0.0,3.0
13.581758027345696,-3.0664875355724206,-19.714733098490537,0.0,4.0
