upper,effects,lower,ate,z_values
31.930177972563495,7.132872008876646,-17.664433954810203,0.0,0.0
4.86022680547718,-1.9646507335306467,-8.789528272538472,0.0,1.0
