upper,effects,lower,ate,ate_upper,ate_lower,z_values
63.64358158443899,-4.96959072964782,-73.58276304373463,-16.556477146855126,52.292091103350586,-85.40504539706085,8.0
43.74880465995975,-12.264528656992255,-68.27786197394425,-16.556477146855126,52.292091103350586,-85.40504539706085,9.0
44.62497803637784,-14.24993030596662,-73.12483864831108,-16.556477146855126,52.292091103350586,-85.40504539706085,10.0
80.75755045641347,-30.326356813517123,-141.41026408344771,-16.556477146855126,52.292091103350586,-85.40504539706085,12.0
