upper,effects,lower,ate,z_values
34.21377051141896,5.878422885379521,-22.456924740659918,0.0,0.0
6.231698254329504,-1.6310248037958441,-9.493747861921193,0.0,1.0
