upper,effects,lower,ate,ate_upper,ate_lower,z_values
50.32616212815243,-17.324227442318435,-84.9746170127893,-16.556477146855094,52.29209110335062,-85.4050453970608,0.0
52.957695797443165,-14.272884690845128,-81.50346517913343,-16.556477146855094,52.29209110335062,-85.4050453970608,1.0
51.9479041698277,-12.477497474208938,-76.90289911824559,-16.556477146855094,52.29209110335062,-85.4050453970608,2.0
63.903452959513835,-16.649323301101127,-97.2020995617161,-16.556477146855094,52.29209110335062,-85.4050453970608,3.0
51.45278720372592,-15.355057357432788,-82.16290191859149,-16.556477146855094,52.29209110335062,-85.4050453970608,4.0
