upper,effects,lower,ate,ate_upper,ate_lower,z_values
78.61423544449133,5.086329376020103,-68.44157669245112,-2.0465426328564753,70.5583239220363,-74.65140918774924,0.0
69.95188171094253,-4.01119336638714,-77.9742684437168,-2.0465426328564753,70.5583239220363,-74.65140918774924,1.0
