upper,effects,lower,ate,z_values
2.1340806965119965,-0.21500701766815639,-2.564094731848309,0.0,0.0
12.049791986227131,3.2255336938650903,-5.5987245984969505,0.0,1.0
21.26506162306239,3.885941438809908,-13.493178745442574,0.0,2.0
15.318483851230663,-4.478087037225432,-24.274657925681527,0.0,3.0
10.82214551259358,-3.9150904095784522,-18.652326331750487,0.0,4.0
