upper,effects,lower,ate,z_values
16.35499780136561,-1.1152808296164665,-18.585559460598542,0.0,1.0
12.505593512877715,0.7509183085423565,-11.003756895793002,0.0,2.0
