upper,effects,lower,ate,ate_upper,ate_lower,z_values
92.13355561993598,15.06267779179382,-62.00820003634834,14.509934513998605,92.50068716874564,-63.48081814074844,0.0
94.73963571457486,15.451875751853756,-63.83588421086734,14.509934513998605,92.50068716874564,-63.48081814074844,1.0
88.86659435992442,14.316896280162375,-60.23280179959968,14.509934513998605,92.50068716874564,-63.48081814074844,2.0
100.62769173064265,10.124693631019277,-80.37830446860411,14.509934513998605,92.50068716874564,-63.48081814074844,3.0
83.19579040195401,9.393424314997848,-64.40894177195833,14.509934513998605,92.50068716874564,-63.48081814074844,4.0
