upper,effects,lower,ate,ate_upper,ate_lower,z_values
88.78146711442145,8.110165441431661,-72.56113623155812,-2.0465426328564895,70.55832392203628,-74.65140918774925,8.0
69.97036390355017,6.10260037493002,-57.765163153690125,-2.0465426328564895,70.55832392203628,-74.65140918774925,9.0
63.53956381452885,0.10645980209029204,-63.32664421034826,-2.0465426328564895,70.55832392203628,-74.65140918774925,10.0
93.28201314334824,-18.706807701472457,-130.69562854629316,-2.0465426328564895,70.55832392203628,-74.65140918774925,12.0
