upper,effects,lower,ate,ate_upper,ate_lower,z_values
321.08574854952,167.54397724099329,14.002205932466552,172.01866703431068,324.8305650819268,19.206768986694584,0.0
347.53990787377177,191.0543109069334,34.56871394009502,172.01866703431068,324.8305650819268,19.206768986694584,1.0
320.5177050014719,165.68134682705943,10.844988652646975,172.01866703431068,324.8305650819268,19.206768986694584,2.0
337.14250609005535,176.11843453124487,15.094362972434368,172.01866703431068,324.8305650819268,19.206768986694584,3.0
328.730981199514,178.13081281640325,27.53064443329248,172.01866703431068,324.8305650819268,19.206768986694584,4.0
