upper,effects,lower,ate,ate_upper,ate_lower,z_values
99.55481204116515,13.278240933669608,-72.99833017382593,14.509934513998605,92.50068716874564,-63.48081814074844,1.0
88.77810540695884,15.339245598400053,-58.099614210158734,14.509934513998605,92.50068716874564,-63.48081814074844,2.0
