upper,effects,lower,ate,ate_upper,ate_lower,z_values
80.40263441072837,-3.1618234624729524,-86.72628133567427,-2.0465426328564753,70.5583239220363,-74.65140918774924,1.0
67.2874373399227,-1.2956243243141472,-69.878685988551,-2.0465426328564753,70.5583239220363,-74.65140918774924,2.0
