upper,effects,lower,ate,ate_upper,ate_lower,z_values
96.91245283103491,17.61092450102329,-61.69060382898833,14.509934513998605,92.50068716874564,-63.48081814074844,0.0
91.24082747702505,13.655816683580838,-63.929194109863374,14.509934513998605,92.50068716874564,-63.48081814074844,1.0
