upper,effects,lower,ate,z_values
29.005281883918432,3.1009899870247324,-22.803301909868967,0.0,0.0
6.280847699304886,-0.8541178304177635,-7.9890833601404125,0.0,1.0
