upper,effects,lower,ate,ate_upper,ate_lower,z_values
312.9282417603354,155.62012570873068,-1.687990342874059,172.01866703431068,324.8305650819268,19.206768986694584,1.0
337.8389068493191,183.15241689868174,28.465926948044398,172.01866703431068,324.8305650819268,19.206768986694584,2.0
