upper,effects,lower,ate,z_values
58.10057484962693,10.156708074288133,-37.787158701050664,0.0,8.0
33.9643632127942,8.14914300778642,-17.66607719722135,0.0,9.0
15.67639950713411,2.1530024349467443,-11.370394637240622,0.0,10.0
43.751310629759466,-16.660265068615985,-77.07184076699144,0.0,12.0
