upper,effects,lower,ate,ate_upper,ate_lower,z_values
72.83401913864964,2.5185198320986473,-67.79697947445234,-2.0465426328564895,70.55832392203628,-74.65140918774925,1.0
71.9911005891389,3.5742250574638925,-64.84265047421111,-2.0465426328564895,70.55832392203628,-74.65140918774925,2.0
69.56408939205252,-2.078030448283151,-73.72015028861881,-2.0465426328564895,70.55832392203628,-74.65140918774925,3.0
75.03442554601791,-8.459941001043134,-91.95430754810418,-2.0465426328564895,70.55832392203628,-74.65140918774925,4.0
