upper,effects,lower,ate,ate_upper,ate_lower,z_values
376.7411979352253,210.9565096965829,45.171821457940524,172.01866703431068,324.8305650819268,19.206768986694584,8.0
345.3804064788316,191.160309780003,36.94021308117436,172.01866703431068,324.8305650819268,19.206768986694584,9.0
316.2900883571338,166.75968024132345,17.22927212551309,172.01866703431068,324.8305650819268,19.206768986694584,10.0
320.19386433606803,148.14582293405476,-23.902218467958477,172.01866703431068,324.8305650819268,19.206768986694584,12.0
