upper,effects,lower,ate,z_values
16.354997801365595,-1.1152808296164807,-18.585559460598557,0.0,1.0
12.505593512877718,0.7509183085423601,-11.003756895792998,0.0,2.0
