upper,effects,lower,ate,z_values
3.111593753792963,0.5527432777952097,-2.0061071982025434,0.0,0.0
9.757085136806158,0.9419412378551417,-7.873202661095874,0.0,1.0
18.350135153192177,-0.19303823383623753,-18.73621162086465,0.0,2.0
16.332153182583664,-4.385240882979364,-25.10263494854239,0.0,3.0
10.483211611093138,-5.116510199000752,-20.71623200909464,0.0,4.0
