upper,effects,lower,ate,z_values
2.134080696511998,-0.21500701766815522,-2.5640947318483085,0.0,0.0
12.04979198622713,3.2255336938650885,-5.598724598496952,0.0,1.0
21.2650616230624,3.8859414388099154,-13.49317874544257,0.0,2.0
15.318483851230667,-4.4780870372254284,-24.274657925681524,0.0,3.0
10.822145512593572,-3.915090409578462,-18.652326331750498,0.0,4.0
