upper,effects,lower,ate,z_values
56.40207236530456,11.586886417207324,-33.22829953088991,0.0,8.0
30.554602025787375,4.291948489862932,-21.97070504606151,0.0,9.0
15.426165980745225,2.30654684088851,-10.813072298968205,0.0,10.0
47.58195159815779,-13.769879666661922,-75.12171093148163,0.0,12.0
