upper,effects,lower,ate,ate_upper,ate_lower,z_values
354.57910797173116,212.1836593294466,69.78821068716206,195.5331954185512,336.99448018193584,54.07191065516653,1.0
355.52653339780136,209.99798965133118,64.469445904861,195.5331954185512,336.99448018193584,54.07191065516653,2.0
339.89622690258636,194.49685870848137,49.0974905143764,195.5331954185512,336.99448018193584,54.07191065516653,3.0
326.6030126618996,175.2967404707336,23.990468279567608,195.5331954185512,336.99448018193584,54.07191065516653,4.0
