upper,effects,lower,ate,z_values
1.5584056404653897,-0.7677502954633662,-3.093906231392122,0.0,0.0
9.839951254590874,2.2835924560099485,-5.272766342570977,0.0,1.0
20.703039079693944,4.078979672646145,-12.545079734401654,0.0,2.0
19.721365240383275,-0.09284615424606812,-19.90705754887541,0.0,3.0
14.02587398377947,1.2014197894222995,-11.62303440493487,0.0,4.0
