upper,effects,lower,ate,z_values
17.711665302138563,2.110726307627555,-13.490212686883455,0.0,1.0
17.417227992984614,3.9965519626793657,-9.424124067625883,0.0,2.0
3.7274955628765145,-0.6309160557716922,-4.989327674419899,0.0,3.0
13.581758027345689,-3.0664875355724277,-19.714733098490544,0.0,4.0
