upper,effects,lower,ate,ate_upper,ate_lower,z_values
52.06512969906875,-12.524595125003188,-77.11431994907512,-16.556477146855094,52.29209110335062,-85.4050453970608,0.0
51.31212284658868,-17.667010049968,-86.64614294652468,-16.556477146855094,52.29209110335062,-85.4050453970608,1.0
