upper,effects,lower,ate,z_values
47.38044339172588,-1.4301783429191346,-50.24080007756415,0.0,8.0
29.777181360571646,3.8571945179235456,-22.062792324724555,0.0,9.0
13.75508872855757,-0.1535444059417621,-14.062177540441095,0.0,10.0
58.32657797384904,-2.890385401954063,-64.10734877775717,0.0,12.0
