upper,effects,lower,ate,ate_upper,ate_lower,z_values
60.20509493579665,-16.44006439614253,-93.08522372808171,-16.556477146855094,52.29209110335062,-85.4050453970608,1.0
45.60009517425177,-16.63486992271416,-78.8698350196801,-16.556477146855094,52.29209110335062,-85.4050453970608,2.0
