upper,effects,lower,ate,z_values
27.301445424396928,4.031882021851942,-19.237681380693044,0.0,0.0
5.293208806468706,-1.1105329031128832,-7.514274612694472,0.0,1.0
