upper,effects,lower,ate,z_values
21.11780215275375,4.565062464955094,-11.987677222843562,0.0,1.0
19.16788575902291,5.620767690320381,-7.9263503783821445,0.0,2.0
5.11338922333983,-0.03148781542666157,-5.176364854193153,0.0,3.0
12.191691187812907,-6.4133983681866695,-25.018487924186246,0.0,4.0
