upper,effects,lower,ate,z_values
47.38044339172588,-1.4301783429191346,-50.24080007756415,0.0,8.0
29.777181360571603,3.857194517923503,-22.062792324724597,0.0,9.0
13.755088728557569,-0.15354440594176566,-14.0621775404411,0.0,10.0
58.326577973849034,-2.890385401954063,-64.10734877775715,0.0,12.0
