ATE_10,ATE_20,ATE_21,ATE_SE_10,ATE_SE_20,ATE_SE_21,ATE_t_10,ATE_t_20,ATE_t_21,ATE_p_10,ATE_p_20,ATE_p_21
-16.556477146855126,-2.0465426328564753,14.509934513998651,35.127466011250434,37.04397995452503,39.79193152013412,0.471325689748088,0.055246294684556004,0.36464514185889274,0.6374082757695333,0.9559422584397954,0.715376390399417
