ATE_10,ATE_20,ATE_21,ATE_SE_10,ATE_SE_20,ATE_SE_21,ATE_t_10,ATE_t_20,ATE_t_21,ATE_p_10,ATE_p_20,ATE_p_21
-16.556477146855094,-2.0465426328564895,14.509934513998605,35.127466011250434,37.04397995452503,39.79193152013412,0.47132568974808703,0.05524629468455639,0.3646451418588916,0.6374082757695338,0.9559422584397951,0.7153763903994178
